user_id,watched_video_id
1,1
1,2
1,3
1,4
1,5
1,6
1,7
1,8
1,9
1,10
1,11
1,12
1,13
1,14
1,15
1,16
1,17
1,18
1,19
1,20
1,21
1,22
1,23
1,24
1,25
1,26
1,27
1,28
1,29
1,30
1,31
1,32
1,33
1,34
1,35
1,36
1,37
1,38
1,39
1,40
1,41
1,42
1,43
1,44
1,45
1,46
1,47
1,48
1,49
1,50
1,51
1,52
1,53
1,54
1,55
1,56
1,57
1,58
1,59
1,60
1,61
1,62
1,63
1,64
1,65
1,66
1,67
1,68
1,69
1,70
1,71
1,72
1,73
1,74
1,75
1,76
1,77
1,78
1,79
1,80
1,81
1,82
1,83
1,84
1,85
1,86
1,87
1,88
1,89
1,90
1,91
1,92
1,93
1,94
1,95
1,96
1,97
1,98
1,99
1,100
1,101
1,102
1,103
1,104
1,105
1,106
1,107
1,108
1,109
1,110
1,111
1,112
1,113
1,114
1,115
1,116
1,117
1,118
1,119
1,120
1,121
1,122
1,123
1,124
1,125
1,126
1,127
1,128
1,129
1,130
1,131
1,132
1,133
1,134
1,135
1,136
1,137
1,138
1,139
1,140
1,141
1,142
1,143
1,144
1,145
1,146
1,147
1,148
1,149
1,150
1,151
1,152
1,153
1,154
1,155
1,156
1,157
1,158
1,159
1,160
1,161
1,162
1,163
1,164
1,165
1,166
1,167
1,168
1,169
1,170
1,171
1,172
1,173
1,174
1,175
1,176
1,177
1,178
1,179
1,180
1,181
1,182
1,183
1,184
1,185
1,186
1,187
1,188
1,189
1,190
1,191
1,192
1,193
1,194
1,195
1,196
1,197
1,198
1,199
1,200
1,201
1,202
1,203
1,204
1,205
1,206
1,207
1,208
1,209
1,210
1,211
1,212
1,213
1,214
1,215
1,216
1,217
1,218
1,219
1,220
1,221
1,222
1,223
1,224
1,225
1,226
1,227
1,228
1,229
1,230
1,231
1,232
1,233
1,234
1,235
1,236
1,237
1,238
1,239
1,240
1,241
1,242
1,243
1,244
1,245
1,246
1,247
1,248
1,249
1,250
1,251
1,252
1,253
1,254
1,255
1,256
1,257
1,258
1,259
1,260
1,261
1,262
1,263
1,264
1,265
1,266
1,267
1,268
1,269
1,270
1,271
1,272
2,1
2,10
2,13
2,14
2,19
2,25
2,50
2,100
2,111
2,127
2,237
2,242
2,251
2,255
2,257
2,258
2,269
2,272
2,273
2,274
2,275
2,276
2,277
2,278
2,279
2,280
2,281
2,282
2,283
2,284
2,285
2,286
2,287
2,288
2,289
2,290
2,291
2,292
2,293
2,294
2,295
2,296
2,297
2,298
2,299
2,300
2,301
2,302
2,303
2,304
2,305
2,306
2,307
2,308
2,309
2,310
2,311
2,312
2,313
2,314
2,315
2,316
3,181
3,245
3,258
3,260
3,264
3,268
3,271
3,272
3,288
3,294
3,299
3,300
3,302
3,303
3,307
3,317
3,318
3,319
3,320
3,321
3,322
3,323
3,324
3,325
3,326
3,327
3,328
3,329
3,330
3,331
3,332
3,333
3,334
3,335
3,336
3,337
3,338
3,339
3,340
3,341
3,342
3,343
3,344
3,345
3,346
3,347
3,348
3,349
3,350
3,351
3,352
3,353
3,354
3,355
4,11
4,50
4,210
4,258
4,260
4,264
4,271
4,288
4,294
4,300
4,301
4,303
4,324
4,327
4,328
4,329
4,354
4,356
4,357
4,358
4,359
4,360
4,361
4,362
5,1
5,2
5,17
5,21
5,24
5,25
5,29
5,40
5,42
5,50
5,62
5,63
5,66
5,69
5,70
5,79
5,80
5,89
5,90
5,94
5,95
5,98
5,99
5,100
5,101
5,102
5,105
5,109
5,110
5,121
5,135
5,139
5,143
5,144
5,145
5,151
5,153
5,154
5,162
5,163
5,167
5,168
5,169
5,172
5,173
5,174
5,176
5,181
5,183
5,185
5,186
5,189
5,194
5,200
5,204
5,208
5,209
5,210
5,211
5,214
5,216
5,219
5,222
5,225
5,226
5,227
5,228
5,229
5,230
5,231
5,233
5,234
5,235
5,239
5,241
5,243
5,250
5,257
5,259
5,267
5,363
5,364
5,365
5,366
5,367
5,368
5,369
5,370
5,371
5,372
5,373
5,374
5,375
5,376
5,377
5,378
5,379
5,380
5,381
5,382
5,383
5,384
5,385
5,386
5,387
5,388
5,389
5,390
5,391
5,392
5,393
5,394
5,395
5,396
5,397
5,398
5,399
5,400
5,401
5,402
5,403
5,404
5,405
5,406
5,407
5,408
5,409
5,410
5,411
5,412
5,413
5,414
5,415
5,416
5,417
5,418
5,419
5,420
5,421
5,422
5,423
5,424
5,425
5,426
5,427
5,428
5,429
5,430
5,431
5,432
5,433
5,434
5,435
5,436
5,437
5,438
5,439
5,440
5,441
5,442
5,443
5,444
5,445
5,446
5,447
5,448
5,449
5,450
5,451
5,452
5,453
5,454
5,455
5,456
5,457
6,1
6,7
6,8
6,9
6,12
6,13
6,14
6,15
6,19
6,21
6,22
6,23
6,28
6,32
6,47
6,50
6,56
6,59
6,64
6,69
6,70
6,71
6,79
6,81
6,86
6,87
6,89
6,95
6,98
6,100
6,111
6,117
6,124
6,125
6,127
6,131
6,132
6,133
6,134
6,135
6,136
6,137
6,143
6,151
6,153
6,154
6,156
6,165
6,166
6,168
6,169
6,170
6,173
6,174
6,175
6,177
6,178
6,180
6,182
6,183
6,185
6,186
6,187
6,188
6,189
6,191
6,192
6,193
6,194
6,195
6,197
6,199
6,200
6,202
6,203
6,204
6,205
6,208
6,209
6,211
6,213
6,216
6,221
6,223
6,237
6,238
6,242
6,246
6,248
6,257
6,258
6,259
6,261
6,268
6,269
6,272
6,274
6,275
6,276
6,284
6,285
6,286
6,293
6,294
6,297
6,298
6,301
6,302
6,303
6,304
6,306
6,308
6,309
6,310
6,317
6,318
6,321
6,340
6,357
6,367
6,405
6,408
6,410
6,419
6,423
6,425
6,427
6,432
6,435
6,458
6,459
6,460
6,461
6,462
6,463
6,464
6,465
6,466
6,467
6,468
6,469
6,470
6,471
6,472
6,473
6,474
6,475
6,476
6,477
6,478
6,479
6,480
6,481
6,482
6,483
6,484
6,485
6,486
6,487
6,488
6,489
6,490
6,491
6,492
6,493
6,494
6,495
6,496
6,497
6,498
6,499
6,500
6,501
6,502
6,503
6,504
6,505
6,506
6,507
6,508
6,509
6,510
6,511
6,512
6,513
6,514
6,515
6,516
6,517
6,518
6,519
6,520
6,521
6,522
6,523
6,524
6,525
6,526
6,527
6,528
6,529
6,530
6,531
6,532
6,533
6,534
6,535
6,536
6,537
6,538
6,539
7,4
7,7
7,8
7,9
7,10
7,11
7,12
7,22
7,23
7,25
7,27
7,28
7,29
7,31
7,32
7,39
7,44
7,47
7,50
7,51
7,52
7,53
7,54
7,56
7,62
7,64
7,68
7,69
7,70
7,71
7,72
7,73
7,77
7,78
7,79
7,80
7,81
7,82
7,86
7,89
7,90
7,91
7,92
7,93
7,96
7,97
7,98
7,99
7,100
7,101
7,106
7,118
7,121
7,125
7,126
7,127
7,131
7,132
7,133
7,134
7,135
7,136
7,139
7,140
7,141
7,142
7,143
7,144
7,145
7,151
7,152
7,153
7,154
7,156
7,157
7,161
7,162
7,163
7,164
7,166
7,168
7,171
7,172
7,173
7,174
7,175
7,176
7,177
7,178
7,179
7,180
7,181
7,182
7,183
7,185
7,186
7,187
7,188
7,190
7,191
7,192
7,193
7,194
7,195
7,196
7,197
7,198
7,199
7,200
7,201
7,202
7,203
7,204
7,205
7,207
7,208
7,210
7,211
7,212
7,213
7,214
7,215
7,216
7,217
7,219
7,223
7,226
7,227
7,228
7,229
7,230
7,231
7,232
7,234
7,237
7,238
7,241
7,258
7,259
7,260
7,264
7,265
7,266
7,268
7,269
7,273
7,275
7,281
7,285
7,286
7,288
7,294
7,300
7,307
7,309
7,317
7,318
7,324
7,334
7,341
7,356
7,357
7,365
7,367
7,378
7,379
7,380
7,382
7,384
7,385
7,386
7,387
7,389
7,391
7,393
7,396
7,399
7,401
7,402
7,403
7,404
7,405
7,415
7,416
7,417
7,418
7,419
7,420
7,421
7,423
7,427
7,428
7,429
7,430
7,431
7,432
7,433
7,434
7,435
7,436
7,440
7,441
7,443
7,444
7,446
7,447
7,448
7,449
7,450
7,451
7,452
7,455
7,461
7,463
7,465
7,470
7,471
7,472
7,474
7,479
7,480
7,481
7,482
7,483
7,484
7,485
7,487
7,488
7,489
7,491
7,492
7,495
7,496
7,497
7,498
7,499
7,501
7,502
7,503
7,504
7,505
7,506
7,507
7,509
7,510
7,511
7,513
7,514
7,515
7,519
7,520
7,521
7,523
7,526
7,527
7,528
7,529
7,530
7,537
7,540
7,541
7,542
7,543
7,544
7,545
7,546
7,547
7,548
7,549
7,550
7,551
7,552
7,553
7,554
7,555
7,556
7,557
7,558
7,559
7,560
7,561
7,562
7,563
7,564
7,565
7,566
7,567
7,568
7,569
7,570
7,571
7,572
7,573
7,574
7,575
7,576
7,577
7,578
7,579
7,580
7,581
7,582
7,583
7,584
7,585
7,586
7,587
7,588
7,589
7,590
7,591
7,592
7,593
7,594
7,595
7,596
7,597
7,598
7,599
7,600
7,601
7,602
7,603
7,604
7,605
7,606
7,607
7,608
7,609
7,610
7,611
7,612
7,613
7,614
7,615
7,616
7,617
7,618
7,619
7,620
7,621
7,622
7,623
7,624
7,625
7,626
7,627
7,628
7,629
7,630
7,631
7,632
7,633
7,634
7,635
7,636
7,637
7,638
7,639
7,640
7,641
7,642
7,643
7,644
7,645
7,646
7,647
7,648
7,649
7,650
7,651
7,652
7,653
7,654
7,655
7,656
7,657
7,658
7,659
7,660
7,661
7,662
7,663
7,664
7,665
7,666
7,667
7,668
7,669
7,670
7,671
7,672
7,673
7,674
7,675
7,676
7,677
7,678
7,679
7,680
7,681
7,682
7,683
8,7
8,11
8,22
8,50
8,55
8,56
8,79
8,82
8,89
8,96
8,127
8,144
8,172
8,174
8,176
8,177
8,181
8,182
8,183
8,187
8,188
8,190
8,195
8,210
8,222
8,227
8,228
8,229
8,233
8,241
8,243
8,258
8,259
8,260
8,273
8,294
8,301
8,336
8,338
8,341
8,358
8,385
8,403
8,431
8,435
8,457
8,510
8,511
8,518
8,550
8,566
8,568
8,651
8,684
8,685
8,686
8,687
8,688
8,689
9,6
9,7
9,50
9,201
9,242
9,276
9,286
9,294
9,298
9,340
9,371
9,385
9,402
9,479
9,483
9,487
9,507
9,521
9,527
9,615
9,690
9,691
10,1
10,4
10,7
10,9
10,11
10,12
10,13
10,16
10,22
10,23
10,32
10,33
10,40
10,48
10,50
10,56
10,59
10,60
10,64
10,69
10,70
10,82
10,85
10,93
10,98
10,99
10,100
10,116
10,124
10,127
10,129
10,132
10,133
10,134
10,135
10,137
10,144
10,153
10,155
10,156
10,157
10,160
10,161
10,162
10,164
10,168
10,170
10,174
10,175
10,176
10,178
10,179
10,180
10,182
10,183
10,185
10,186
10,191
10,192
10,194
10,195
10,197
10,198
10,199
10,200
10,203
10,205
10,211
10,216
10,218
10,221
10,223
10,230
10,234
10,238
10,245
10,269
10,273
10,274
10,275
10,276
10,283
10,285
10,286
10,289
10,294
10,302
10,319
10,321
10,333
10,334
10,340
10,357
10,367
10,371
10,385
10,404
10,414
10,418
10,420
10,430
10,432
10,435
10,447
10,461
10,462
10,463
10,467
10,470
10,474
10,475
10,478
10,479
10,480
10,482
10,483
10,484
10,486
10,488
10,489
10,493
10,495
10,496
10,497
10,498
10,499
10,502
10,504
10,505
10,509
10,510
10,511
10,513
10,518
10,519
10,521
10,525
10,527
10,529
10,530
10,531
10,558
10,582
10,588
10,589
10,602
10,603
10,604
10,606
10,610
10,611
10,615
10,617
10,629
10,651
10,652
10,654
10,655
10,656
10,657
10,663
10,664
10,686
10,692
10,693
10,694
10,695
10,696
10,697
10,698
10,699
10,700
10,701
10,702
10,703
10,704
10,705
10,706
10,707
10,708
10,709
10,710
10,711
10,712
11,8
11,9
11,11
11,12
11,15
11,22
11,24
11,25
11,28
11,29
11,38
11,39
11,40
11,42
11,47
11,51
11,52
11,54
11,56
11,57
11,58
11,69
11,70
11,79
11,83
11,86
11,88
11,90
11,94
11,97
11,98
11,100
11,107
11,109
11,110
11,111
11,120
11,121
11,123
11,125
11,135
11,168
11,173
11,175
11,176
11,180
11,185
11,190
11,191
11,194
11,196
11,203
11,204
11,208
11,211
11,213
11,215
11,216
11,222
11,227
11,228
11,229
11,230
11,237
11,238
11,239
11,241
11,258
11,259
11,260
11,268
11,274
11,277
11,286
11,290
11,291
11,300
11,301
11,312
11,317
11,318
11,324
11,332
11,350
11,356
11,357
11,365
11,367
11,370
11,372
11,382
11,383
11,386
11,393
11,395
11,399
11,401
11,402
11,405
11,414
11,423
11,425
11,427
11,428
11,429
11,430
11,431
11,433
11,434
11,435
11,449
11,451
11,455
11,504
11,508
11,517
11,521
11,524
11,526
11,527
11,544
11,549
11,558
11,561
11,573
11,577
11,580
11,597
11,603
11,646
11,652
11,654
11,659
11,660
11,662
11,663
11,690
11,692
11,699
11,707
11,710
11,713
11,714
11,715
11,716
11,717
11,718
11,719
11,720
11,721
11,722
11,723
11,724
11,725
11,726
11,727
11,728
11,729
11,730
11,731
11,732
11,733
11,734
11,735
11,736
11,737
11,738
11,739
11,740
11,741
11,742
11,743
11,744
11,745
11,746
11,747
11,748
11,749
11,750
11,751
11,752
12,4
12,15
12,28
12,50
12,69
12,71
12,82
12,88
12,96
12,97
12,98
12,127
12,132
12,133
12,143
12,157
12,159
12,161
12,168
12,170
12,172
12,174
12,191
12,195
12,196
12,200
12,202
12,203
12,204
12,215
12,216
12,228
12,238
12,242
12,276
12,282
12,300
12,318
12,328
12,381
12,392
12,402
12,416
12,471
12,480
12,591
12,684
12,708
12,735
12,753
12,754
13,1
13,2
13,4
13,5
13,7
13,8
13,9
13,11
13,12
13,13
13,14
13,17
13,21
13,22
13,23
13,24
13,25
13,27
13,28
13,29
13,32
13,33
13,37
13,38
13,39
13,40
13,42
13,45
13,48
13,49
13,50
13,51
13,53
13,56
13,58
13,59
13,60
13,61
13,62
13,64
13,66
13,67
13,68
13,69
13,70
13,71
13,72
13,73
13,78
13,79
13,82
13,83
13,86
13,87
13,88
13,89
13,90
13,91
13,92
13,94
13,95
13,96
13,97
13,98
13,99
13,100
13,109
13,110
13,111
13,116
13,117
13,118
13,121
13,124
13,127
13,128
13,132
13,135
13,137
13,138
13,141
13,143
13,144
13,145
13,147
13,150
13,152
13,153
13,154
13,155
13,157
13,158
13,160
13,161
13,163
13,164
13,165
13,166
13,167
13,168
13,170
13,172
13,173
13,174
13,175
13,176
13,177
13,178
13,179
13,180
13,181
13,182
13,183
13,184
13,185
13,186
13,187
13,188
13,190
13,191
13,193
13,194
13,195
13,196
13,197
13,198
13,199
13,200
13,201
13,202
13,204
13,205
13,208
13,209
13,210
13,211
13,212
13,215
13,216
13,217
13,218
13,219
13,222
13,223
13,224
13,225
13,226
13,227
13,228
13,229
13,230
13,231
13,232
13,233
13,234
13,235
13,237
13,238
13,239
13,241
13,242
13,243
13,258
13,260
13,261
13,262
13,263
13,264
13,265
13,268
13,269
13,270
13,271
13,272
13,273
13,274
13,275
13,276
13,279
13,280
13,281
13,285
13,286
13,287
13,288
13,289
13,290
13,292
13,294
13,299
13,300
13,301
13,302
13,303
13,305
13,306
13,307
13,308
13,310
13,311
13,312
13,313
13,314
13,315
13,316
13,317
13,318
13,319
13,320
13,321
13,322
13,323
13,326
13,327
13,328
13,329
13,331
13,332
13,333
13,334
13,336
13,338
13,339
13,340
13,341
13,342
13,343
13,344
13,345
13,346
13,347
13,348
13,349
13,350
13,351
13,353
13,354
13,355
13,357
13,358
13,360
13,362
13,363
13,367
13,370
13,371
13,377
13,379
13,382
13,384
13,385
13,387
13,391
13,393
13,394
13,396
13,398
13,400
13,401
13,402
13,403
13,404
13,405
13,406
13,409
13,410
13,411
13,413
13,414
13,416
13,417
13,418
13,419
13,420
13,421
13,423
13,424
13,427
13,428
13,429
13,430
13,431
13,432
13,433
13,435
13,436
13,437
13,438
13,439
13,440
13,441
13,442
13,443
13,444
13,445
13,446
13,447
13,448
13,449
13,450
13,451
13,452
13,453
13,455
13,457
13,462
13,463
13,467
13,471
13,472
13,473
13,474
13,475
13,476
13,477
13,478
13,480
13,481
13,482
13,483
13,484
13,485
13,488
13,491
13,492
13,493
13,494
13,497
13,498
13,501
13,502
13,504
13,505
13,506
13,507
13,508
13,509
13,510
13,511
13,514
13,515
13,516
13,517
13,518
13,519
13,520
13,522
13,523
13,524
13,525
13,526
13,527
13,529
13,530
13,531
13,538
13,539
13,540
13,541
13,546
13,547
13,548
13,549
13,550
13,551
13,553
13,554
13,558
13,559
13,561
13,563
13,564
13,565
13,566
13,567
13,568
13,569
13,570
13,572
13,573
13,576
13,578
13,585
13,586
13,588
13,589
13,590
13,596
13,597
13,601
13,602
13,603
13,604
13,606
13,610
13,612
13,613
13,614
13,615
13,617
13,619
13,621
13,624
13,625
13,629
13,630
13,631
13,632
13,635
13,636
13,637
13,638
13,639
13,646
13,647
13,650
13,651
13,652
13,654
13,655
13,656
13,657
13,659
13,661
13,662
13,663
13,665
13,667
13,668
13,669
13,670
13,671
13,672
13,673
13,674
13,675
13,678
13,679
13,682
13,683
13,684
13,685
13,686
13,687
13,688
13,689
13,690
13,691
13,692
13,694
13,705
13,706
13,709
13,712
13,716
13,720
13,722
13,732
13,733
13,735
13,736
13,737
13,739
13,740
13,746
13,747
13,748
13,749
13,750
13,751
13,752
13,754
13,755
13,756
13,757
13,758
13,759
13,760
13,761
13,762
13,763
13,764
13,765
13,766
13,767
13,768
13,769
13,770
13,771
13,772
13,773
13,774
13,775
13,776
13,777
13,778
13,779
13,780
13,781
13,782
13,783
13,784
13,785
13,786
13,787
13,788
13,789
13,790
13,791
13,792
13,793
13,794
13,795
13,796
13,797
13,798
13,799
13,800
13,801
13,802
13,803
13,804
13,805
13,806
13,807
13,808
13,809
13,810
13,811
13,812
13,813
13,814
13,815
13,816
13,817
13,818
13,819
13,820
13,821
13,822
13,823
13,824
13,825
13,826
13,827
13,828
13,829
13,830
13,831
13,832
13,833
13,834
13,835
13,836
13,837
13,838
13,839
13,840
13,841
13,842
13,843
13,844
13,845
13,846
13,847
13,848
13,849
13,850
13,851
13,852
13,853
13,854
13,855
13,856
13,857
13,858
13,859
13,860
13,861
13,862
13,863
13,864
13,865
13,866
13,867
13,868
13,869
13,870
13,871
13,872
13,873
13,874
13,875
13,876
13,877
13,878
13,879
13,880
13,881
13,882
13,883
13,884
13,885
13,886
13,887
13,888
13,889
13,890
13,891
13,892
13,893
13,894
13,895
13,896
13,897
13,898
13,899
13,900
13,901
13,902
13,903
13,904
13,905
13,906
13,907
13,908
13,909
13,910
13,911
13,912
13,913
13,914
13,915
13,916
13,917
13,918
14,7
14,9
14,12
14,13
14,14
14,15
14,18
14,19
14,22
14,23
14,25
14,32
14,42
14,50
14,56
14,70
14,81
14,93
14,96
14,98
14,100
14,111
14,116
14,121
14,124
14,127
14,151
14,168
14,172
14,173
14,174
14,175
14,176
14,181
14,186
14,191
14,195
14,202
14,204
14,210
14,211
14,213
14,222
14,238
14,240
14,242
14,265
14,269
14,275
14,276
14,283
14,285
14,288
14,302
14,313
14,319
14,357
14,382
14,408
14,427
14,428
14,430
14,455
14,473
14,474
14,475
14,477
14,492
14,498
14,507
14,509
14,514
14,517
14,519
14,523
14,524
14,525
14,530
14,588
14,596
14,603
14,628
14,654
14,655
14,663
14,709
14,716
14,750
14,762
14,792
14,813
14,820
14,845
14,919
14,920
14,921
14,922
14,923
15,1
15,7
15,9
15,13
15,14
15,15
15,18
15,20
15,25
15,50
15,111
15,118
15,121
15,125
15,127
15,137
15,148
15,181
15,220
15,222
15,225
15,235
15,237
15,243
15,244
15,248
15,249
15,251
15,252
15,255
15,257
15,258
15,269
15,274
15,275
15,278
15,280
15,282
15,283
15,285
15,286
15,289
15,291
15,292
15,297
15,300
15,301
15,302
15,303
15,306
15,307
15,308
15,310
15,322
15,323
15,328
15,331
15,333
15,405
15,409
15,411
15,455
15,458
15,459
15,471
15,472
15,473
15,476
15,508
15,546
15,591
15,620
15,676
15,678
15,685
15,690
15,696
15,742
15,744
15,748
15,749
15,754
15,815
15,823
15,845
15,864
15,866
15,879
15,889
15,924
15,925
15,926
15,927
15,928
15,929
15,930
15,931
15,932
15,933
15,934
15,935
15,936
15,937
15,938
16,1
16,4
16,7
16,8
16,9
16,11
16,12
16,15
16,22
16,27
16,28
16,31
16,33
16,39
16,51
16,55
16,56
16,58
16,64
16,66
16,69
16,70
16,71
16,76
16,79
16,87
16,89
16,92
16,95
16,96
16,98
16,99
16,100
16,109
16,125
16,127
16,134
16,135
16,143
16,144
16,151
16,152
16,155
16,156
16,158
16,160
16,161
16,164
16,168
16,172
16,174
16,178
16,180
16,182
16,183
16,191
16,194
16,195
16,197
16,199
16,200
16,202
16,204
16,208
16,209
16,216
16,227
16,228
16,230
16,233
16,234
16,237
16,240
16,273
16,282
16,284
16,286
16,288
16,294
16,300
16,302
16,318
16,321
16,357
16,367
16,385
16,404
16,410
16,418
16,423
16,427
16,443
16,447
16,448
16,467
16,469
16,471
16,476
16,479
16,480
16,482
16,496
16,498
16,502
16,504
16,509
16,510
16,531
16,546
16,564
16,583
16,591
16,602
16,603
16,606
16,629
16,642
16,654
16,655
16,657
16,661
16,684
16,692
16,693
16,705
16,732
16,735
16,761
16,770
16,812
16,939
16,940
16,941
16,942
16,943
16,944
16,945
16,946
16,947
16,948
17,1
17,7
17,9
17,13
17,100
17,111
17,117
17,125
17,126
17,137
17,150
17,151
17,221
17,222
17,237
17,243
17,245
17,269
17,276
17,286
17,294
17,323
17,471
17,475
17,508
17,628
17,744
17,919
18,1
18,4
18,6
18,8
18,9
18,12
18,13
18,14
18,15
18,19
18,22
18,23
18,25
18,26
18,28
18,32
18,42
18,45
18,47
18,48
18,50
18,52
18,56
18,57
18,58
18,59
18,60
18,61
18,64
18,65
18,66
18,69
18,70
18,71
18,72
18,79
18,81
18,82
18,83
18,86
18,88
18,89
18,91
18,94
18,95
18,97
18,98
18,99
18,100
18,111
18,113
18,116
18,125
18,126
18,127
18,131
18,132
18,133
18,134
18,135
18,136
18,137
18,142
18,143
18,151
18,152
18,153
18,154
18,157
18,162
18,165
18,166
18,168
18,169
18,170
18,172
18,174
18,175
18,177
18,178
18,179
18,180
18,181
18,182
18,185
18,186
18,187
18,188
18,189
18,190
18,191
18,193
18,194
18,195
18,196
18,197
18,198
18,199
18,200
18,202
18,204
18,208
18,209
18,210
18,211
18,212
18,213
18,214
18,215
18,216
18,221
18,223
18,224
18,234
18,236
18,237
18,238
18,241
18,242
18,269
18,275
18,276
18,283
18,284
18,285
18,286
18,287
18,317
18,318
18,319
18,357
18,367
18,378
18,381
18,382
18,386
18,387
18,392
18,393
18,402
18,403
18,404
18,408
18,411
18,414
18,416
18,418
18,419
18,423
18,425
18,427
18,428
18,430
18,432
18,434
18,435
18,443
18,451
18,461
18,462
18,463
18,474
18,476
18,478
18,479
18,480
18,482
18,483
18,485
18,486
18,487
18,488
18,489
18,492
18,493
18,494
18,496
18,497
18,498
18,504
18,509
18,510
18,512
18,513
18,514
18,515
18,516
18,517
18,519
18,520
18,523
18,524
18,526
18,527
18,528
18,529
18,530
18,549
18,582
18,588
18,602
18,603
18,604
18,607
18,609
18,610
18,612
18,613
18,614
18,627
18,629
18,630
18,631
18,633
18,639
18,647
18,649
18,654
18,659
18,660
18,663
18,692
18,699
18,702
18,704
18,705
18,707
18,708
18,709
18,714
18,716
18,724
18,729
18,732
18,735
18,736
18,737
18,739
18,747
18,753
18,762
18,775
18,778
18,781
18,792
18,794
18,805
18,845
18,856
18,863
18,921
18,923
18,949
18,950
18,951
18,952
18,953
18,954
18,955
18,956
18,957
18,958
18,959
18,960
18,961
18,962
18,963
18,964
18,965
18,966
18,967
18,968
18,969
18,970
18,971
18,972
18,973
19,4
19,8
19,153
19,201
19,202
19,210
19,211
19,258
19,268
19,288
19,294
19,310
19,313
19,319
19,325
19,382
19,435
19,655
19,692
19,887
20,1
20,11
20,15
20,22
20,50
20,69
20,82
20,87
20,94
20,95
20,98
20,118
20,121
20,143
20,144
20,148
20,151
20,172
20,174
20,176
20,181
20,186
20,194
20,204
20,208
20,210
20,243
20,252
20,274
20,288
20,323
20,357
20,378
20,405
20,423
20,496
20,498
20,568
20,588
20,597
20,633
20,678
20,742
20,763
20,820
20,866
20,931
20,934
21,1
21,5
21,7
21,9
21,15
21,17
21,50
21,53
21,56
21,98
21,100
21,103
21,106
21,118
21,121
21,123
21,127
21,129
21,145
21,148
21,164
21,184
21,185
21,200
21,201
21,217
21,218
21,219
21,222
21,234
21,240
21,242
21,243
21,244
21,245
21,258
21,259
21,260
21,261
21,262
21,263
21,264
21,273
21,281
21,286
21,288
21,289
21,291
21,292
21,294
21,295
21,298
21,299
21,300
21,301
21,319
21,320
21,321
21,322
21,323
21,324
21,325
21,326
21,327
21,328
21,330
21,358
21,370
21,379
21,396
21,406
21,408
21,413
21,424
21,436
21,437
21,438
21,439
21,440
21,441
21,443
21,444
21,445
21,447
21,448
21,452
21,453
21,457
21,473
21,547
21,551
21,558
21,559
21,561
21,563
21,564
21,565
21,567
21,569
21,573
21,590
21,591
21,595
21,596
21,619
21,628
21,635
21,637
21,656
21,665
21,668
21,669
21,670
21,671
21,672
21,674
21,675
21,678
21,680
21,687
21,688
21,696
21,706
21,717
21,741
21,742
21,748
21,758
21,760
21,767
21,769
21,773
21,774
21,800
21,816
21,817
21,820
21,834
21,839
21,844
21,853
21,854
21,858
21,859
21,860
21,872
21,873
21,874
21,875
21,876
21,877
21,878
21,925
21,928
21,930
21,931
21,948
21,974
21,975
21,976
21,977
21,978
21,979
21,980
21,981
21,982
21,983
21,984
21,985
21,986
21,987
21,988
21,989
21,990
21,991
21,992
21,993
21,994
21,995
22,2
22,4
22,17
22,21
22,24
22,29
22,50
22,53
22,62
22,68
22,79
22,80
22,85
22,89
22,94
22,96
22,105
22,109
22,110
22,117
22,118
22,121
22,127
22,128
22,144
22,153
22,154
22,161
22,163
22,167
22,168
22,172
22,173
22,174
22,175
22,176
22,181
22,184
22,186
22,187
22,194
22,195
22,201
22,202
22,204
22,208
22,209
22,210
22,211
22,216
22,222
22,226
22,227
22,228
22,229
22,230
22,231
22,233
22,238
22,241
22,250
22,258
22,265
22,290
22,294
22,358
22,367
22,376
22,377
22,384
22,385
22,386
22,393
22,399
22,403
22,405
22,407
22,411
22,430
22,431
22,433
22,435
22,449
22,451
22,455
22,456
22,502
22,510
22,511
22,515
22,523
22,526
22,546
22,550
22,554
22,566
22,568
22,636
22,648
22,651
22,665
22,683
22,684
22,687
22,688
22,692
22,712
22,731
22,732
22,780
22,791
22,792
22,840
22,862
22,871
22,878
22,926
22,932
22,948
22,988
22,996
22,997
22,998
22,999
22,1000
22,1001
22,1002
22,1003
23,1
23,7
23,8
23,13
23,14
23,19
23,28
23,32
23,50
23,55
23,56
23,59
23,62
23,70
23,71
23,73
23,79
23,82
23,83
23,88
23,89
23,90
23,91
23,95
23,96
23,98
23,99
23,100
23,102
23,109
23,116
23,124
23,131
23,132
23,133
23,134
23,143
23,144
23,145
23,151
23,153
23,154
23,155
23,156
23,161
23,162
23,170
23,171
23,172
23,173
23,174
23,175
23,176
23,177
23,181
23,183
23,185
23,188
23,189
23,191
23,194
23,195
23,196
23,202
23,203
23,204
23,209
23,211
23,213
23,214
23,215
23,216
23,217
23,219
23,222
23,224
23,227
23,228
23,229
23,230
23,234
23,235
23,238
23,250
23,257
23,258
23,269
23,275
23,283
23,294
23,315
23,323
23,357
23,367
23,380
23,381
23,385
23,386
23,387
23,404
23,405
23,408
23,414
23,418
23,419
23,421
23,423
23,427
23,432
23,433
23,449
23,451
23,463
23,472
23,479
23,483
23,504
23,511
23,512
23,516
23,518
23,522
23,526
23,527
23,528
23,530
23,541
23,546
23,549
23,588
23,597
23,603
23,629
23,642
23,652
23,655
23,662
23,679
23,694
23,705
23,710
23,713
23,739
23,747
23,780
23,856
23,919
23,961
23,1004
23,1005
23,1006
24,7
24,8
24,9
24,11
24,12
24,25
24,41
24,55
24,56
24,58
24,64
24,69
24,71
24,79
24,92
24,97
24,98
24,100
24,109
24,117
24,127
24,129
24,132
24,151
24,153
24,173
24,176
24,178
24,180
24,191
24,200
24,216
24,223
24,237
24,238
24,249
24,258
24,275
24,276
24,286
24,288
24,289
24,294
24,300
24,318
24,324
24,357
24,358
24,367
24,372
24,402
24,421
24,427
24,475
24,477
24,486
24,508
24,518
24,582
24,655
24,662
24,699
24,727
24,729
24,742
24,763
24,919
24,1007
25,1
25,7
25,8
25,13
25,23
25,25
25,50
25,79
25,82
25,86
25,98
25,114
25,116
25,121
25,125
25,127
25,131
25,133
25,134
25,135
25,141
25,143
25,151
25,169
25,173
25,174
25,176
25,177
25,181
25,183
25,186
25,189
25,195
25,197
25,204
25,208
25,222
25,228
25,238
25,239
25,257
25,258
25,265
25,269
25,275
25,357
25,404
25,408
25,419
25,427
25,430
25,432
25,455
25,463
25,474
25,477
25,478
25,479
25,480
25,495
25,498
25,501
25,520
25,527
25,568
25,604
25,612
25,615
25,633
25,655
25,657
25,692
25,729
25,742
25,837
25,929
25,968
25,969
26,1
26,7
26,9
26,13
26,14
26,15
26,24
26,25
26,50
26,100
26,109
26,111
26,116
26,117
26,118
26,121
26,122
26,125
26,126
26,127
26,129
26,148
26,150
26,151
26,181
26,222
26,235
26,237
26,240
26,246
26,248
26,249
26,250
26,252
26,255
26,257
26,258
26,269
26,271
26,274
26,276
26,282
26,283
26,284
26,286
26,288
26,291
26,292
26,293
26,294
26,298
26,300
26,302
26,304
26,313
26,315
26,316
26,321
26,322
26,323
26,328
26,333
26,343
26,369
26,405
26,410
26,413
26,455
26,456
26,458
26,471
26,475
26,476
26,508
26,515
26,546
26,591
26,597
26,628
26,678
26,683
26,685
26,742
26,748
26,750
26,751
26,760
26,815
26,831
26,840
26,841
26,845
26,864
26,871
26,926
26,930
26,936
26,979
26,1008
26,1009
26,1010
26,1011
26,1012
26,1013
26,1014
26,1015
26,1016
27,9
27,50
27,100
27,118
27,121
27,123
27,148
27,244
27,246
27,281
27,286
27,288
27,295
27,298
27,325
27,370
27,475
27,508
27,515
27,596
27,742
27,925
27,930
27,978
27,1017
28,5
28,7
28,11
28,12
28,28
28,31
28,50
28,56
28,70
28,79
28,89
28,95
28,96
28,98
28,100
28,117
28,143
28,145
28,153
28,164
28,173
28,174
28,176
28,184
28,185
28,195
28,196
28,200
28,201
28,209
28,217
28,218
28,219
28,222
28,223
28,227
28,228
28,229
28,230
28,234
28,258
28,271
28,282
28,286
28,288
28,294
28,322
28,323
28,332
28,380
28,423
28,429
28,434
28,436
28,441
28,443
28,444
28,447
28,448
28,449
28,450
28,479
28,480
28,529
28,567
28,568
28,573
28,588
28,603
28,609
28,646
28,665
28,670
28,672
28,678
28,760
28,800
28,859
28,895
29,12
29,79
29,98
29,180
29,182
29,189
29,245
29,259
29,264
29,268
29,269
29,270
29,286
29,294
29,300
29,302
29,303
29,306
29,312
29,326
29,332
29,343
29,358
29,480
29,539
29,657
29,661
29,678
29,689
29,748
29,874
29,879
29,1018
29,1019
30,2
30,7
30,28
30,29
30,50
30,69
30,82
30,135
30,161
30,164
30,172
30,174
30,181
30,231
30,242
30,252
30,255
30,257
30,258
30,259
30,286
30,289
30,294
30,301
30,304
30,313
30,315
30,319
30,321
30,403
30,435
30,531
30,538
30,539
30,678
30,683
30,688
30,751
30,780
30,873
30,892
30,1007
30,1013
31,32
31,79
31,124
31,135
31,136
31,153
31,175
31,192
31,262
31,268
31,271
31,299
31,302
31,303
31,306
31,319
31,321
31,328
31,340
31,484
31,490
31,493
31,498
31,504
31,514
31,519
31,611
31,682
31,705
31,811
31,875
31,886
31,1019
31,1020
31,1021
31,1022
32,7
32,9
32,50
32,100
32,111
32,117
32,118
32,122
32,151
32,181
32,222
32,235
32,240
32,245
32,246
32,248
32,249
32,250
32,257
32,259
32,268
32,271
32,276
32,288
32,290
32,294
32,298
32,307
32,313
32,405
32,408
32,455
32,475
32,508
32,591
32,628
32,742
32,866
32,1012
32,1016
32,1023
33,245
33,258
33,260
33,271
33,288
33,292
33,294
33,300
33,307
33,313
33,323
33,328
33,329
33,333
33,339
33,343
33,348
33,678
33,682
33,751
33,872
33,879
33,880
33,895
34,242
34,245
34,259
34,286
34,288
34,289
34,292
34,294
34,299
34,310
34,312
34,324
34,329
34,332
34,690
34,898
34,899
34,990
34,991
34,1024
35,242
35,243
35,258
35,259
35,261
35,264
35,266
35,300
35,321
35,322
35,326
35,327
35,328
35,332
35,333
35,358
35,678
35,680
35,748
35,876
35,877
35,879
35,881
35,937
35,1025
36,261
36,268
36,269
36,288
36,289
36,307
36,310
36,319
36,333
36,339
36,358
36,682
36,748
36,873
36,875
36,878
36,882
36,883
36,885
36,1026
37,7
37,11
37,22
37,24
37,27
37,50
37,55
37,56
37,62
37,68
37,79
37,82
37,89
37,92
37,96
37,117
37,118
37,121
37,127
37,147
37,161
37,172
37,174
37,176
37,183
37,195
37,210
37,222
37,226
37,230
37,231
37,233
37,265
37,273
37,288
37,363
37,385
37,403
37,405
37,472
37,540
37,546
37,550
37,566
37,568
37,578
37,597
37,665
37,685
37,825
37,827
37,831
37,833
37,841
37,930
37,948
37,1027
38,1
38,22
38,28
38,35
38,67
38,69
38,70
38,71
38,78
38,79
38,82
38,84
38,88
38,94
38,95
38,97
38,99
38,105
38,112
38,118
38,122
38,127
38,133
38,139
38,140
38,144
38,145
38,153
38,155
38,161
38,162
38,185
38,188
38,195
38,200
38,202
38,211
38,216
38,218
38,225
38,226
38,234
38,243
38,247
38,252
38,257
38,259
38,288
38,294
38,313
38,318
38,326
38,328
38,356
38,383
38,384
38,389
38,392
38,393
38,395
38,400
38,401
38,402
38,403
38,404
38,405
38,406
38,409
38,410
38,411
38,413
38,418
38,419
38,420
38,423
38,424
38,432
38,433
38,444
38,445
38,447
38,450
38,451
38,452
38,465
38,501
38,508
38,526
38,550
38,573
38,588
38,590
38,616
38,627
38,637
38,672
38,673
38,678
38,679
38,681
38,717
38,720
38,742
38,758
38,768
38,780
38,838
38,916
38,940
38,1014
38,1016
38,1028
38,1029
38,1030
38,1031
38,1032
38,1033
38,1034
38,1035
38,1036
38,1037
39,258
39,269
39,270
39,272
39,288
39,294
39,300
39,301
39,302
39,306
39,307
39,313
39,315
39,319
39,333
39,339
39,345
39,347
39,352
39,748
39,900
39,937
40,242
40,243
40,245
40,258
40,259
40,268
40,269
40,270
40,271
40,272
40,286
40,294
40,300
40,302
40,303
40,305
40,310
40,316
40,321
40,328
40,333
40,337
40,340
40,343
40,345
40,346
40,347
40,358
40,750
40,754
40,876
40,879
40,880
40,896
40,1038
41,1
41,28
41,31
41,50
41,56
41,58
41,69
41,96
41,97
41,98
41,100
41,135
41,152
41,153
41,156
41,168
41,170
41,173
41,174
41,175
41,180
41,181
41,188
41,191
41,194
41,195
41,196
41,202
41,205
41,209
41,216
41,238
41,265
41,276
41,286
41,289
41,313
41,318
41,357
41,414
41,423
41,430
41,435
41,474
41,486
41,514
41,516
41,518
41,746
41,751
41,969
41,1039
42,1
42,2
42,12
42,15
42,25
42,28
42,38
42,43
42,44
42,48
42,50
42,54
42,58
42,63
42,64
42,66
42,69
42,70
42,71
42,72
42,73
42,77
42,79
42,82
42,83
42,86
42,87
42,88
42,95
42,96
42,97
42,98
42,99
42,102
42,103
42,111
42,118
42,121
42,125
42,131
42,132
42,135
42,136
42,141
42,142
42,143
42,151
42,161
42,168
42,172
42,173
42,174
42,175
42,176
42,181
42,183
42,185
42,194
42,195
42,196
42,202
42,203
42,204
42,210
42,211
42,215
42,216
42,219
42,222
42,227
42,228
42,229
42,230
42,234
42,237
42,239
42,265
42,273
42,274
42,276
42,280
42,281
42,282
42,283
42,284
42,290
42,294
42,318
42,357
42,367
42,369
42,371
42,380
42,385
42,387
42,402
42,403
42,404
42,405
42,409
42,410
42,411
42,413
42,418
42,419
42,423
42,427
42,428
42,432
42,433
42,443
42,451
42,456
42,462
42,467
42,468
42,469
42,471
42,479
42,491
42,496
42,501
42,506
42,521
42,523
42,546
42,559
42,566
42,568
42,582
42,588
42,591
42,595
42,603
42,606
42,625
42,627
42,655
42,658
42,660
42,679
42,684
42,685
42,692
42,720
42,729
42,732
42,735
42,736
42,742
42,746
42,755
42,756
42,781
42,785
42,794
42,826
42,834
42,845
42,866
42,924
42,925
42,926
42,934
42,939
42,941
42,953
42,969
42,977
42,999
42,1028
42,1040
42,1041
42,1042
42,1043
42,1044
42,1045
42,1046
42,1047
42,1048
42,1049
42,1050
42,1051
43,1
43,3
43,4
43,5
43,7
43,8
43,9
43,11
43,12
43,14
43,15
43,17
43,25
43,26
43,28
43,40
43,47
43,49
43,50
43,51
43,52
43,54
43,56
43,58
43,63
43,64
43,66
43,69
43,70
43,71
43,73
43,77
43,79
43,82
43,86
43,88
43,91
43,95
43,97
43,98
43,100
43,102
43,111
43,114
43,117
43,118
43,120
43,121
43,122
43,123
43,124
43,127
43,131
43,133
43,137
43,140
43,143
43,144
43,151
43,153
43,155
43,161
43,168
43,169
43,172
43,173
43,174
43,175
43,181
43,186
43,189
43,191
43,196
43,202
43,203
43,204
43,208
43,210
43,211
43,215
43,216
43,217
43,222
43,225
43,226
43,231
43,235
43,237
43,238
43,241
43,248
43,250
43,252
43,254
43,257
43,258
43,269
43,271
43,272
43,274
43,275
43,276
43,277
43,278
43,280
43,283
43,284
43,285
43,286
43,289
43,290
43,291
43,294
43,298
43,300
43,301
43,302
43,312
43,313
43,315
43,316
43,317
43,318
43,321
43,323
43,328
43,336
43,347
43,354
43,367
43,371
43,382
43,385
43,393
43,402
43,403
43,405
43,408
43,409
43,411
43,418
43,421
43,423
43,432
43,471
43,473
43,479
43,482
43,486
43,491
43,496
43,498
43,501
43,516
43,531
43,539
43,542
43,546
43,550
43,553
43,559
43,566
43,568
43,580
43,581
43,588
43,591
43,596
43,597
43,625
43,628
43,631
43,648
43,660
43,684
43,686
43,692
43,699
43,705
43,724
43,729
43,731
43,732
43,735
43,742
43,747
43,751
43,755
43,756
43,778
43,781
43,785
43,792
43,815
43,820
43,845
43,847
43,866
43,879
43,892
43,926
43,931
43,939
43,944
43,946
43,950
43,951
43,956
43,966
43,969
43,993
43,1023
43,1035
43,1047
43,1048
43,1052
43,1053
43,1054
43,1055
43,1056
43,1057
44,1
44,5
44,7
44,9
44,11
44,15
44,21
44,22
44,24
44,25
44,31
44,50
44,55
44,56
44,64
44,67
44,69
44,71
44,81
44,82
44,87
44,88
44,89
44,90
44,91
44,95
44,96
44,97
44,98
44,99
44,100
44,102
44,106
44,109
44,118
44,120
44,121
44,123
44,132
44,133
44,135
44,143
44,144
44,147
44,148
44,151
44,153
44,155
44,157
44,159
44,161
44,163
44,164
44,168
44,172
44,173
44,174
44,175
44,176
44,181
44,183
44,185
44,190
44,191
44,193
44,194
44,195
44,196
44,197
44,198
44,200
44,201
44,202
44,204
44,208
44,209
44,211
44,214
44,216
44,222
44,227
44,228
44,229
44,230
44,231
44,237
44,238
44,240
44,245
44,249
44,250
44,252
44,257
44,258
44,260
44,274
44,294
44,298
44,307
44,313
44,317
44,318
44,328
44,357
44,378
44,380
44,385
44,405
44,412
44,419
44,423
44,427
44,429
44,432
44,433
44,434
44,443
44,447
44,448
44,449
44,450
44,470
44,474
44,480
44,496
44,507
44,520
44,523
44,530
44,542
44,553
44,588
44,591
44,603
44,625
44,631
44,633
44,636
44,644
44,655
44,660
44,665
44,678
44,692
44,717
44,737
44,755
44,756
44,871
44,946
44,1058
45,1
45,7
45,13
45,15
45,21
45,24
45,25
45,50
45,100
45,108
45,109
45,111
45,118
45,121
45,127
45,151
45,181
45,225
45,237
45,257
45,276
45,278
45,282
45,284
45,288
45,411
45,472
45,473
45,476
45,596
45,597
45,742
45,756
45,762
45,763
45,764
45,820
45,823
45,826
45,845
45,926
45,934
45,952
45,993
45,1001
45,1059
45,1060
45,1061
46,7
46,50
46,93
46,100
46,125
46,127
46,151
46,181
46,245
46,262
46,286
46,288
46,294
46,300
46,305
46,307
46,313
46,327
46,328
46,332
46,333
46,538
46,690
46,748
46,909
46,1024
46,1062
47,258
47,262
47,268
47,269
47,286
47,288
47,289
47,292
47,301
47,302
47,303
47,304
47,305
47,306
47,307
47,321
47,322
47,323
47,324
47,327
47,340
47,683
47,874
47,995
47,1022
48,28
48,50
48,56
48,71
48,98
48,132
48,136
48,170
48,172
48,174
48,181
48,183
48,185
48,187
48,191
48,193
48,194
48,195
48,202
48,209
48,210
48,215
48,228
48,243
48,259
48,266
48,269
48,286
48,289
48,294
48,302
48,306
48,308
48,309
48,323
48,357
48,423
48,425
48,427
48,428
48,433
48,479
48,480
48,483
48,496
48,511
48,519
48,522
48,523
48,524
48,527
48,528
48,529
48,603
48,609
48,647
48,650
48,654
48,656
48,661
48,680
48,690
48,988
48,1063
48,1064
48,1065
49,1
49,2
49,3
49,4
49,7
49,8
49,10
49,11
49,12
49,13
49,17
49,25
49,38
49,39
49,40
49,42
49,47
49,49
49,50
49,52
49,53
49,54
49,55
49,56
49,57
49,62
49,68
49,70
49,71
49,72
49,77
49,80
49,82
49,85
49,90
49,91
49,93
49,95
49,96
49,98
49,99
49,100
49,101
49,102
49,108
49,111
49,116
49,117
49,121
49,122
49,123
49,129
49,143
49,145
49,147
49,148
49,151
49,154
49,159
49,161
49,168
49,171
49,172
49,173
49,174
49,175
49,179
49,181
49,182
49,185
49,200
49,202
49,204
49,208
49,209
49,213
49,217
49,218
49,219
49,225
49,231
49,235
49,238
49,239
49,240
49,256
49,258
49,262
49,268
49,270
49,283
49,287
49,289
49,290
49,294
49,299
49,300
49,301
49,302
49,312
49,313
49,320
49,324
49,325
49,328
49,334
49,343
49,346
49,347
49,358
49,367
49,369
49,372
49,382
49,385
49,386
49,396
49,401
49,403
49,404
49,406
49,413
49,418
49,419
49,420
49,423
49,428
49,432
49,433
49,455
49,462
49,465
49,473
49,475
49,476
49,477
49,501
49,508
49,514
49,518
49,531
49,542
49,546
49,547
49,557
49,559
49,561
49,569
49,577
49,581
49,583
49,588
49,590
49,594
49,625
49,627
49,628
49,640
49,652
49,657
49,692
49,695
49,698
49,702
49,713
49,715
49,717
49,721
49,725
49,732
49,737
49,738
49,741
49,758
49,774
49,789
49,813
49,820
49,821
49,878
49,904
49,919
49,926
49,928
49,931
49,946
49,959
49,995
49,997
49,998
49,1003
49,1009
49,1017
49,1018
49,1021
49,1028
49,1036
49,1066
49,1067
49,1068
49,1069
49,1070
49,1071
49,1072
49,1073
49,1074
49,1075
49,1076
49,1077
49,1078
49,1079
49,1080
49,1081
49,1082
49,1083
50,9
50,15
50,100
50,123
50,124
50,125
50,246
50,253
50,268
50,276
50,286
50,288
50,319
50,324
50,325
50,327
50,475
50,508
50,544
50,547
50,823
50,1008
50,1010
50,1084
51,50
51,64
51,83
51,132
51,134
51,136
51,144
51,148
51,172
51,173
51,181
51,182
51,184
51,203
51,210
51,479
51,485
51,496
51,603
51,655
51,679
51,692
51,705
52,7
52,13
52,15
52,19
52,22
52,25
52,93
52,95
52,100
52,107
52,111
52,116
52,117
52,121
52,126
52,151
52,191
52,204
52,235
52,237
52,250
52,257
52,258
52,275
52,277
52,280
52,282
52,285
52,287
52,288
52,302
52,318
52,333
52,405
52,427
52,463
52,471
52,473
52,475
52,498
52,527
52,531
52,588
52,657
52,741
52,742
52,748
52,762
52,815
52,845
52,864
52,919
52,1009
52,1011
52,1085
52,1086
53,7
53,15
53,24
53,25
53,50
53,64
53,96
53,100
53,118
53,121
53,151
53,156
53,174
53,181
53,199
53,228
53,250
53,257
53,258
53,281
53,284
53,546
53,568
53,628
53,748
53,845
53,924
53,1087
54,1
54,7
54,24
54,25
54,50
54,100
54,106
54,117
54,118
54,121
54,127
54,147
54,148
54,151
54,181
54,237
54,240
54,245
54,250
54,252
54,255
54,257
54,258
54,260
54,268
54,272
54,273
54,276
54,288
54,291
54,295
54,298
54,302
54,307
54,313
54,325
54,327
54,328
54,333
54,338
54,340
54,346
54,405
54,406
54,411
54,471
54,475
54,546
54,595
54,597
54,634
54,676
54,685
54,741
54,742
54,748
54,820
54,823
54,827
54,829
54,871
54,930
54,1012
54,1016
54,1088
55,7
55,22
55,50
55,56
55,79
55,89
55,117
55,118
55,121
55,144
55,174
55,181
55,254
55,257
55,273
55,405
55,597
55,678
55,685
55,1016
55,1089
56,1
56,7
56,11
56,22
56,25
56,28
56,29
56,31
56,38
56,42
56,44
56,50
56,51
56,53
56,56
56,62
56,63
56,64
56,66
56,67
56,68
56,69
56,70
56,71
56,73
56,77
56,78
56,79
56,82
56,87
56,88
56,89
56,90
56,91
56,94
56,95
56,96
56,97
56,98
56,111
56,114
56,117
56,118
56,121
56,122
56,143
56,144
56,151
56,153
56,154
56,158
56,161
56,164
56,167
56,168
56,169
56,172
56,173
56,174
56,176
56,179
56,181
56,183
56,184
56,186
56,189
56,191
56,193
56,194
56,195
56,196
56,200
56,201
56,202
56,204
56,210
56,215
56,216
56,219
56,222
56,225
56,226
56,227
56,228
56,229
56,230
56,231
56,232
56,233
56,234
56,235
56,237
56,238
56,239
56,258
56,265
56,280
56,281
56,294
56,295
56,298
56,300
56,323
56,368
56,372
56,373
56,376
56,383
56,385
56,386
56,391
56,392
56,393
56,395
56,399
56,402
56,403
56,405
56,408
56,410
56,421
56,423
56,426
56,432
56,433
56,435
56,441
56,443
56,447
56,449
56,450
56,451
56,473
56,483
56,501
56,523
56,546
56,550
56,554
56,559
56,568
56,575
56,578
56,585
56,588
56,596
56,597
56,623
56,636
56,655
56,678
56,692
56,715
56,720
56,728
56,732
56,735
56,738
56,746
56,747
56,748
56,755
56,761
56,769
56,778
56,781
56,794
56,797
56,815
56,820
56,849
56,862
56,869
56,871
56,930
56,946
56,969
56,993
56,1028
56,1035
56,1036
56,1047
56,1057
56,1074
56,1090
56,1091
56,1092
57,1
57,7
57,8
57,11
57,15
57,24
57,28
57,42
57,50
57,56
57,64
57,79
57,100
57,105
57,109
57,111
57,117
57,121
57,125
57,126
57,144
57,151
57,168
57,173
57,181
57,194
57,195
57,199
57,204
57,222
57,225
57,237
57,240
57,243
57,245
57,248
57,249
57,250
57,252
57,257
57,258
57,264
57,271
57,281
57,282
57,284
57,288
57,294
57,295
57,298
57,304
57,318
57,321
57,323
57,405
57,409
57,410
57,411
57,419
57,456
57,471
57,472
57,473
57,475
57,476
57,477
57,496
57,546
57,588
57,597
57,678
57,682
57,710
57,717
57,744
57,748
57,756
57,760
57,763
57,820
57,825
57,826
57,831
57,833
57,844
57,845
57,864
57,866
57,871
57,926
57,930
57,932
57,975
57,988
57,1001
57,1011
57,1016
57,1028
57,1047
57,1059
57,1071
57,1073
57,1093
57,1094
57,1095
57,1096
58,1
58,7
58,8
58,9
58,11
58,12
58,13
58,20
58,25
58,32
58,42
58,45
58,50
58,56
58,61
58,64
58,69
58,70
58,89
58,98
58,100
58,109
58,111
58,116
58,120
58,121
58,123
58,124
58,127
58,134
58,135
58,137
58,144
58,150
58,151
58,153
58,156
58,168
58,169
58,171
58,172
58,173
58,174
58,175
58,176
58,181
58,182
58,185
58,189
58,191
58,193
58,194
58,195
58,198
58,199
58,200
58,203
58,204
58,209
58,210
58,213
58,214
58,216
58,222
58,223
58,228
58,237
58,238
58,240
58,246
58,248
58,249
58,255
58,257
58,268
58,269
58,272
58,275
58,283
58,284
58,300
58,310
58,311
58,313
58,318
58,340
58,347
58,354
58,367
58,381
58,405
58,408
58,425
58,433
58,462
58,463
58,474
58,475
58,480
58,483
58,490
58,491
58,496
58,497
58,501
58,511
58,512
58,514
58,546
58,558
58,568
58,584
58,603
58,640
58,645
58,651
58,652
58,654
58,655
58,663
58,684
58,692
58,709
58,730
58,732
58,741
58,773
58,813
58,823
58,850
58,923
58,950
58,955
58,960
58,1006
58,1008
58,1012
58,1019
58,1048
58,1063
58,1069
58,1070
58,1084
58,1089
58,1097
58,1098
58,1099
58,1100
58,1101
58,1102
58,1103
58,1104
58,1105
58,1106
59,1
59,3
59,4
59,7
59,9
59,10
59,11
59,12
59,13
59,14
59,15
59,18
59,22
59,23
59,24
59,25
59,28
59,30
59,32
59,33
59,39
59,42
59,44
59,45
59,47
59,48
59,50
59,51
59,52
59,53
59,54
59,55
59,56
59,58
59,59
59,60
59,61
59,64
59,65
59,68
59,69
59,70
59,71
59,73
59,77
59,79
59,81
59,82
59,83
59,86
59,87
59,89
59,90
59,91
59,92
59,95
59,96
59,97
59,98
59,99
59,100
59,101
59,102
59,106
59,109
59,111
59,116
59,118
59,121
59,123
59,125
59,126
59,127
59,129
59,131
59,132
59,133
59,134
59,135
59,136
59,137
59,140
59,141
59,142
59,143
59,147
59,148
59,149
59,151
59,161
59,168
59,169
59,170
59,172
59,173
59,174
59,175
59,176
59,177
59,179
59,180
59,181
59,182
59,183
59,184
59,185
59,186
59,187
59,188
59,190
59,191
59,193
59,194
59,195
59,196
59,197
59,198
59,199
59,200
59,201
59,202
59,203
59,204
59,205
59,208
59,209
59,210
59,211
59,212
59,215
59,216
59,218
59,219
59,220
59,226
59,227
59,228
59,229
59,230
59,232
59,234
59,235
59,237
59,238
59,240
59,241
59,243
59,258
59,265
59,273
59,274
59,276
59,277
59,284
59,285
59,286
59,287
59,288
59,290
59,313
59,318
59,321
59,323
59,357
59,367
59,369
59,371
59,380
59,381
59,382
59,385
59,387
59,392
59,393
59,402
59,403
59,404
59,405
59,410
59,416
59,418
59,419
59,421
59,423
59,425
59,427
59,428
59,429
59,430
59,431
59,432
59,433
59,434
59,435
59,436
59,443
59,447
59,448
59,451
59,458
59,462
59,465
59,466
59,468
59,470
59,472
59,473
59,474
59,476
59,477
59,479
59,480
59,483
59,484
59,485
59,488
59,489
59,490
59,491
59,492
59,496
59,498
59,501
59,503
59,504
59,505
59,506
59,507
59,508
59,510
59,511
59,513
59,514
59,515
59,516
59,517
59,519
59,521
59,523
59,524
59,525
59,526
59,527
59,528
59,529
59,547
59,549
59,550
59,559
59,562
59,564
59,566
59,567
59,568
59,569
59,570
59,581
59,582
59,583
59,584
59,588
59,591
59,595
59,597
59,602
59,603
59,604
59,606
59,608
59,609
59,610
59,611
59,612
59,615
59,616
59,618
59,620
59,622
59,625
59,633
59,640
59,642
59,644
59,647
59,649
59,650
59,651
59,654
59,655
59,657
59,658
59,659
59,660
59,662
59,663
59,664
59,670
59,672
59,673
59,675
59,679
59,684
59,687
59,692
59,699
59,702
59,705
59,707
59,708
59,709
59,710
59,713
59,715
59,717
59,724
59,727
59,729
59,732
59,735
59,736
59,739
59,741
59,742
59,746
59,747
59,755
59,756
59,760
59,762
59,764
59,770
59,774
59,781
59,789
59,792
59,823
59,825
59,845
59,846
59,855
59,866
59,871
59,900
59,919
59,926
59,928
59,929
59,931
59,946
59,951
59,953
59,959
59,963
59,969
59,972
59,974
59,975
59,1005
59,1009
59,1021
59,1028
59,1047
59,1048
59,1050
59,1065
59,1074
59,1093
59,1101
59,1107
59,1108
59,1109
59,1110
59,1111
59,1112
59,1113
59,1114
59,1115
59,1116
59,1117
59,1118
59,1119
59,1120
60,7
60,8
60,9
60,12
60,13
60,15
60,21
60,23
60,28
60,30
60,47
60,50
60,56
60,59
60,60
60,61
60,64
60,69
60,70
60,71
60,73
60,77
60,79
60,82
60,88
60,89
60,95
60,96
60,97
60,98
60,121
60,128
60,131
60,132
60,133
60,134
60,135
60,136
60,138
60,141
60,143
60,144
60,151
60,152
60,153
60,160
60,161
60,162
60,163
60,166
60,168
60,172
60,173
60,174
60,175
60,176
60,178
60,179
60,180
60,181
60,183
60,185
60,186
60,194
60,195
60,197
60,199
60,200
60,204
60,205
60,207
60,208
60,209
60,210
60,211
60,212
60,215
60,216
60,218
60,222
60,225
60,227
60,228
60,229
60,230
60,234
60,237
60,265
60,272
60,275
60,286
60,327
60,357
60,366
60,378
60,385
60,393
60,403
60,404
60,405
60,411
60,416
60,417
60,418
60,419
60,420
60,423
60,427
60,429
60,430
60,433
60,434
60,435
60,443
60,445
60,474
60,478
60,479
60,480
60,482
60,483
60,484
60,485
60,489
60,490
60,491
60,492
60,493
60,494
60,495
60,496
60,498
60,499
60,501
60,502
60,505
60,506
60,507
60,508
60,510
60,511
60,513
60,514
60,515
60,517
60,519
60,523
60,524
60,525
60,528
60,529
60,546
60,558
60,582
60,592
60,593
60,601
60,602
60,603
60,604
60,605
60,606
60,608
60,609
60,613
60,615
60,616
60,617
60,618
60,629
60,633
60,637
60,638
60,641
60,650
60,654
60,656
60,659
60,660
60,661
60,665
60,671
60,673
60,675
60,684
60,699
60,705
60,708
60,729
60,735
60,736
60,745
60,751
60,755
60,799
60,810
60,835
60,842
60,1020
60,1021
60,1050
60,1060
60,1121
60,1122
60,1123
60,1124
60,1125
60,1126
61,243
61,258
61,269
61,271
61,294
61,300
61,301
61,304
61,310
61,323
61,327
61,328
61,331
61,333
61,342
61,347
61,678
61,690
61,748
61,751
61,1127
62,1
62,3
62,4
62,7
62,8
62,9
62,12
62,13
62,14
62,15
62,20
62,21
62,22
62,24
62,28
62,33
62,44
62,47
62,50
62,53
62,55
62,56
62,59
62,62
62,64
62,65
62,68
62,69
62,70
62,71
62,72
62,76
62,78
62,81
62,82
62,83
62,86
62,89
62,91
62,96
62,97
62,98
62,100
62,111
62,114
62,116
62,117
62,118
62,121
62,125
62,127
62,128
62,129
62,132
62,134
62,135
62,138
62,144
62,147
62,151
62,153
62,155
62,157
62,159
62,162
62,164
62,167
62,168
62,170
62,171
62,172
62,173
62,174
62,176
62,179
62,180
62,181
62,182
62,183
62,188
62,190
62,191
62,195
62,196
62,199
62,204
62,207
62,209
62,210
62,213
62,215
62,216
62,217
62,222
62,225
62,227
62,228
62,229
62,230
62,232
62,235
62,237
62,238
62,241
62,245
62,249
62,250
62,252
62,257
62,258
62,270
62,271
62,273
62,275
62,276
62,281
62,283
62,285
62,286
62,288
62,290
62,294
62,298
62,302
62,306
62,318
62,328
62,357
62,365
62,380
62,382
62,387
62,401
62,402
62,403
62,405
62,421
62,423
62,431
62,433
62,436
62,443
62,448
62,451
62,455
62,462
62,463
62,464
62,466
62,472
62,473
62,474
62,475
62,483
62,498
62,508
62,509
62,511
62,512
62,514
62,521
62,527
62,528
62,541
62,546
62,554
62,559
62,568
62,569
62,582
62,597
62,605
62,651
62,652
62,655
62,660
62,664
62,665
62,673
62,676
62,685
62,697
62,699
62,702
62,704
62,708
62,710
62,712
62,715
62,716
62,723
62,729
62,739
62,742
62,744
62,747
62,763
62,774
62,815
62,827
62,845
62,856
62,866
62,875
62,921
62,924
62,931
62,949
62,952
62,955
62,959
62,1009
62,1012
62,1016
62,1018
62,1028
62,1060
62,1073
62,1074
62,1077
62,1091
62,1107
62,1118
62,1128
62,1129
62,1130
62,1131
62,1132
62,1133
62,1134
62,1135
62,1136
63,1
63,3
63,6
63,10
63,13
63,14
63,15
63,20
63,25
63,50
63,79
63,100
63,106
63,108
63,109
63,111
63,116
63,121
63,126
63,137
63,150
63,181
63,222
63,224
63,225
63,237
63,242
63,246
63,250
63,251
63,255
63,257
63,258
63,259
63,262
63,268
63,269
63,276
63,277
63,282
63,283
63,284
63,285
63,286
63,287
63,288
63,289
63,294
63,300
63,301
63,302
63,306
63,321
63,322
63,323
63,325
63,328
63,333
63,405
63,408
63,412
63,473
63,475
63,480
63,508
63,546
63,591
63,596
63,676
63,678
63,713
63,741
63,748
63,762
63,813
63,828
63,841
63,924
63,929
63,948
63,952
63,979
63,993
63,1007
63,1008
63,1009
63,1010
63,1011
63,1012
63,1028
63,1067
63,1137
63,1138
64,1
64,2
64,4
64,7
64,8
64,9
64,10
64,11
64,12
64,17
64,22
64,28
64,31
64,32
64,38
64,48
64,50
64,52
64,56
64,58
64,62
64,64
64,69
64,70
64,71
64,72
64,77
64,79
64,81
64,82
64,83
64,87
64,89
64,91
64,93
64,95
64,96
64,97
64,98
64,100
64,101
64,111
64,121
64,125
64,127
64,132
64,135
64,141
64,143
64,144
64,151
64,153
64,154
64,156
64,157
64,160
64,161
64,162
64,168
64,172
64,173
64,174
64,175
64,176
64,179
64,181
64,182
64,183
64,184
64,185
64,186
64,187
64,188
64,190
64,191
64,194
64,195
64,196
64,197
64,199
64,202
64,203
64,209
64,210
64,211
64,212
64,214
64,215
64,216
64,217
64,218
64,222
64,227
64,228
64,229
64,230
64,231
64,232
64,234
64,235
64,237
64,238
64,239
64,240
64,241
64,258
64,265
64,269
64,271
64,273
64,275
64,284
64,288
64,300
64,310
64,311
64,313
64,318
64,326
64,333
64,340
64,347
64,356
64,367
64,381
64,384
64,385
64,389
64,392
64,403
64,405
64,419
64,420
64,423
64,425
64,429
64,431
64,433
64,434
64,435
64,436
64,447
64,451
64,463
64,475
64,476
64,480
64,496
64,503
64,509
64,511
64,515
64,516
64,520
64,527
64,531
64,539
64,546
64,559
64,566
64,568
64,569
64,582
64,588
64,591
64,603
64,625
64,633
64,636
64,650
64,651
64,652
64,655
64,662
64,663
64,679
64,684
64,693
64,705
64,718
64,731
64,732
64,736
64,746
64,748
64,751
64,768
64,778
64,847
64,879
64,898
64,919
64,959
64,969
64,1063
64,1065
64,1133
64,1139
64,1140
64,1141
65,1
65,7
65,9
65,15
65,25
65,28
65,47
65,48
65,50
65,56
65,63
65,64
65,65
65,66
65,69
65,70
65,73
65,77
65,87
65,88
65,97
65,98
65,100
65,111
65,121
65,125
65,135
65,168
65,173
65,178
65,179
65,185
65,191
65,194
65,196
65,197
65,202
65,210
65,211
65,215
65,216
65,237
65,238
65,239
65,255
65,258
65,294
65,318
65,328
65,356
65,365
65,378
65,392
65,393
65,402
65,423
65,427
65,429
65,435
65,471
65,476
65,511
65,514
65,526
65,531
65,582
65,651
65,655
65,660
65,661
65,676
65,735
65,736
65,778
65,806
65,956
65,1041
65,1044
65,1129
65,1142
66,1
66,7
66,9
66,15
66,21
66,24
66,50
66,117
66,121
66,127
66,181
66,237
66,248
66,249
66,257
66,258
66,280
66,281
66,282
66,284
66,286
66,288
66,294
66,295
66,298
66,300
66,405
66,471
66,475
66,508
66,535
66,597
66,741
66,742
66,763
66,825
66,877
66,1016
67,1
67,7
67,24
67,25
67,64
67,105
67,117
67,121
67,122
67,123
67,125
67,147
67,151
67,235
67,240
67,273
67,276
67,405
67,412
67,472
67,546
67,743
67,756
67,827
67,833
67,871
67,1047
67,1052
67,1093
67,1095
68,7
68,9
68,25
68,50
68,111
68,117
68,118
68,121
68,125
68,127
68,178
68,181
68,237
68,245
68,258
68,275
68,276
68,282
68,286
68,288
68,405
68,409
68,411
68,458
68,471
68,475
68,596
68,713
68,742
68,763
68,926
68,1028
68,1047
68,1089
69,7
69,9
69,12
69,42
69,48
69,50
69,56
69,79
69,98
69,100
69,109
69,117
69,123
69,124
69,129
69,147
69,150
69,151
69,172
69,174
69,175
69,181
69,182
69,197
69,222
69,234
69,235
69,236
69,237
69,240
69,245
69,246
69,256
69,258
69,265
69,268
69,273
69,282
69,288
69,289
69,294
69,298
69,300
69,302
69,307
69,321
69,333
69,334
69,427
69,475
69,508
69,591
69,628
69,689
69,742
69,748
69,763
69,879
69,886
69,1016
69,1017
69,1134
69,1142
69,1143
69,1144
70,1
70,8
70,15
70,24
70,28
70,48
70,50
70,63
70,69
70,71
70,79
70,82
70,83
70,88
70,89
70,91
70,94
70,95
70,96
70,99
70,101
70,109
70,121
70,128
70,132
70,135
70,139
70,142
70,143
70,150
70,151
70,152
70,161
70,168
70,169
70,172
70,173
70,174
70,175
70,176
70,181
70,183
70,185
70,186
70,189
70,191
70,193
70,197
70,202
70,204
70,206
70,208
70,210
70,211
70,214
70,217
70,222
70,225
70,227
70,228
70,229
70,230
70,231
70,257
70,260
70,264
70,265
70,289
70,298
70,300
70,313
70,338
70,343
70,380
70,383
70,393
70,398
70,399
70,403
70,404
70,405
70,408
70,411
70,417
70,418
70,419
70,423
70,429
70,431
70,432
70,449
70,450
70,451
70,472
70,473
70,482
70,483
70,496
70,501
70,507
70,511
70,527
70,538
70,542
70,546
70,554
70,559
70,568
70,576
70,584
70,588
70,596
70,597
70,625
70,655
70,678
70,684
70,739
70,746
70,751
70,755
70,762
70,820
70,946
70,993
70,1030
70,1035
70,1065
70,1133
70,1145
70,1146
71,6
71,14
71,50
71,52
71,56
71,64
71,65
71,89
71,98
71,100
71,134
71,135
71,151
71,153
71,154
71,168
71,174
71,175
71,177
71,181
71,197
71,222
71,248
71,257
71,276
71,282
71,285
71,286
71,289
71,302
71,346
71,357
71,429
71,462
71,475
71,514
71,744
71,923
72,1
72,2
72,5
72,7
72,9
72,12
72,15
72,23
72,25
72,28
72,38
72,45
72,48
72,50
72,51
72,54
72,56
72,58
72,64
72,68
72,69
72,70
72,77
72,79
72,81
72,82
72,87
72,89
72,96
72,97
72,98
72,100
72,106
72,117
72,118
72,121
72,124
72,127
72,129
72,134
72,135
72,147
72,161
72,170
72,172
72,174
72,176
72,177
72,180
72,181
72,182
72,187
72,188
72,191
72,194
72,195
72,196
72,197
72,198
72,203
72,204
72,210
72,212
72,215
72,220
72,222
72,226
72,228
72,229
72,230
72,233
72,234
72,237
72,241
72,265
72,271
72,318
72,356
72,357
72,380
72,382
72,402
72,403
72,405
72,423
72,427
72,435
72,443
72,461
72,466
72,471
72,476
72,479
72,480
72,484
72,493
72,504
72,509
72,515
72,518
72,520
72,521
72,525
72,526
72,527
72,528
72,530
72,550
72,553
72,566
72,568
72,581
72,582
72,591
72,603
72,628
72,642
72,644
72,647
72,649
72,654
72,655
72,664
72,679
72,684
72,685
72,699
72,708
72,770
72,792
72,844
72,866
72,972
72,1051
72,1110
72,1147
72,1148
73,1
73,7
73,12
73,28
73,32
73,48
73,56
73,59
73,64
73,81
73,82
73,89
73,94
73,96
73,100
73,127
73,129
73,135
73,152
73,153
73,154
73,156
73,171
73,173
73,175
73,179
73,180
73,183
73,187
73,188
73,196
73,197
73,202
73,206
73,213
73,246
73,255
73,268
73,269
73,271
73,272
73,285
73,286
73,288
73,289
73,318
73,357
73,382
73,433
73,474
73,475
73,479
73,480
73,507
73,514
73,518
73,588
73,650
73,657
73,660
73,683
73,748
73,894
73,923
73,1073
73,1149
74,7
74,9
74,13
74,15
74,100
74,121
74,124
74,126
74,129
74,137
74,150
74,237
74,245
74,258
74,268
74,272
74,276
74,285
74,288
74,294
74,300
74,301
74,302
74,307
74,313
74,315
74,324
74,326
74,328
74,331
74,333
74,340
74,351
74,354
74,358
74,508
74,539
74,690
74,1084
75,1
75,13
75,25
75,56
75,79
75,100
75,108
75,111
75,114
75,117
75,118
75,121
75,123
75,125
75,129
75,137
75,147
75,151
75,190
75,196
75,220
75,222
75,225
75,235
75,237
75,240
75,271
75,273
75,284
75,289
75,290
75,291
75,294
75,301
75,304
75,322
75,323
75,405
75,408
75,409
75,410
75,411
75,413
75,427
75,460
75,472
75,473
75,475
75,476
75,477
75,496
75,508
75,546
75,597
75,678
75,685
75,696
75,742
75,756
75,820
75,824
75,825
75,831
75,833
75,845
75,864
75,866
75,926
75,952
75,988
75,1001
75,1017
75,1028
75,1047
75,1048
75,1059
75,1150
75,1151
75,1152
76,6
76,7
76,12
76,23
76,24
76,42
76,56
76,59
76,60
76,61
76,64
76,70
76,77
76,89
76,92
76,93
76,96
76,98
76,100
76,121
76,129
76,135
76,137
76,150
76,156
76,172
76,175
76,182
76,192
76,197
76,200
76,203
76,216
76,223
76,258
76,264
76,270
76,276
76,286
76,288
76,293
76,318
76,324
76,325
76,327
76,333
76,343
76,358
76,385
76,421
76,474
76,513
76,514
76,517
76,518
76,531
76,547
76,582
76,603
76,628
76,690
76,769
76,772
76,806
76,811
76,851
76,919
76,955
76,960
76,1006
76,1007
76,1019
76,1048
76,1071
76,1129
76,1153
76,1154
76,1155
76,1156
76,1157
76,1158
76,1159
77,1
77,4
77,15
77,23
77,25
77,28
77,31
77,42
77,50
77,52
77,56
77,69
77,89
77,91
77,96
77,97
77,98
77,100
77,121
77,125
77,127
77,132
77,133
77,134
77,144
77,153
77,154
77,156
77,168
77,172
77,173
77,174
77,175
77,176
77,179
77,181
77,183
77,191
77,192
77,195
77,199
77,201
77,209
77,210
77,215
77,222
77,228
77,238
77,246
77,250
77,252
77,265
77,268
77,276
77,357
77,405
77,431
77,455
77,474
77,483
77,484
77,498
77,511
77,518
77,519
77,523
77,527
77,636
77,641
77,778
77,833
77,1028
78,25
78,93
78,237
78,255
78,257
78,269
78,288
78,289
78,294
78,298
78,301
78,323
78,327
78,411
78,412
78,476
78,813
78,871
78,880
78,1047
78,1160
79,1
79,6
79,7
79,10
79,13
79,19
79,50
79,93
79,100
79,116
79,124
79,137
79,150
79,222
79,236
79,246
79,251
79,257
79,258
79,262
79,268
79,269
79,275
79,276
79,283
79,285
79,286
79,288
79,290
79,301
79,303
79,306
79,311
79,313
79,319
79,325
79,333
79,340
79,370
79,508
79,515
79,582
79,676
79,690
79,740
79,763
79,813
79,900
79,902
79,906
79,937
79,1008
79,1017
79,1022
79,1161
80,45
80,50
80,58
80,64
80,79
80,86
80,87
80,100
80,154
80,194
80,199
80,205
80,208
80,213
80,215
80,234
80,237
80,260
80,269
80,303
80,423
80,466
80,483
80,514
80,531
80,582
80,699
80,886
80,887
81,1
81,3
81,7
81,25
81,42
81,79
81,93
81,98
81,100
81,111
81,116
81,118
81,121
81,124
81,147
81,150
81,151
81,169
81,186
81,210
81,222
81,237
81,269
81,273
81,274
81,275
81,276
81,280
81,282
81,283
81,284
81,288
81,289
81,318
81,405
81,410
81,411
81,412
81,432
81,456
81,471
81,475
81,476
81,544
81,591
81,595
81,596
81,619
81,717
81,726
81,742
81,756
81,824
81,926
81,928
81,1028
81,1047
81,1059
82,1
82,3
82,7
82,8
82,9
82,11
82,13
82,14
82,15
82,21
82,22
82,25
82,28
82,50
82,56
82,64
82,69
82,70
82,71
82,73
82,79
82,81
82,87
82,97
82,99
82,100
82,103
82,109
82,111
82,112
82,118
82,121
82,125
82,127
82,133
82,134
82,135
82,140
82,147
82,151
82,168
82,169
82,170
82,174
82,175
82,178
82,181
82,183
82,185
82,191
82,194
82,197
82,199
82,202
82,208
82,211
82,212
82,216
82,218
82,220
82,222
82,225
82,228
82,230
82,231
82,235
82,237
82,238
82,240
82,241
82,265
82,274
82,275
82,276
82,281
82,283
82,284
82,286
82,288
82,289
82,294
82,304
82,310
82,318
82,326
82,338
82,343
82,357
82,367
82,405
82,409
82,411
82,412
82,413
82,414
82,418
82,424
82,430
82,432
82,435
82,455
82,456
82,458
82,462
82,472
82,473
82,474
82,475
82,476
82,477
82,479
82,480
82,481
82,482
82,483
82,484
82,495
82,496
82,504
82,508
82,511
82,513
82,514
82,518
82,519
82,520
82,523
82,527
82,529
82,539
82,546
82,582
82,588
82,596
82,597
82,603
82,640
82,657
82,660
82,661
82,671
82,678
82,705
82,717
82,740
82,756
82,770
82,820
82,822
82,826
82,834
82,866
82,895
82,919
82,946
82,1001
82,1028
82,1033
82,1059
82,1063
82,1078
82,1101
82,1126
82,1128
82,1134
82,1162
82,1163
82,1164
83,1
83,2
83,4
83,15
83,22
83,25
83,28
83,31
83,35
83,38
83,43
83,50
83,56
83,63
83,64
83,66
83,69
83,70
83,71
83,77
83,78
83,79
83,82
83,88
83,94
83,95
83,97
83,105
83,106
83,110
83,111
83,117
83,118
83,121
83,122
83,125
83,127
83,139
83,151
83,161
83,174
83,181
83,186
83,191
83,196
83,204
83,210
83,215
83,216
83,225
83,233
83,234
83,235
83,240
83,243
83,245
83,248
83,249
83,252
83,254
83,255
83,259
83,265
83,274
83,281
83,294
83,298
83,300
83,301
83,319
83,322
83,323
83,338
83,356
83,364
83,371
83,385
83,391
83,393
83,405
83,406
83,407
83,409
83,411
83,412
83,413
83,423
83,452
83,465
83,468
83,471
83,476
83,477
83,479
83,508
83,527
83,543
83,546
83,566
83,568
83,575
83,576
83,580
83,584
83,591
83,597
83,609
83,623
83,631
83,640
83,660
83,663
83,684
83,685
83,692
83,704
83,717
83,720
83,722
83,728
83,732
83,739
83,748
83,751
83,755
83,756
83,768
83,781
83,783
83,795
83,820
83,828
83,832
83,845
83,846
83,862
83,864
83,866
83,871
83,892
83,929
83,932
83,944
83,977
83,993
83,1016
83,1028
83,1035
83,1041
83,1043
83,1047
83,1049
83,1060
83,1101
83,1165
84,1
84,4
84,7
84,12
84,15
84,25
84,31
84,64
84,70
84,79
84,87
84,95
84,98
84,100
84,111
84,117
84,121
84,148
84,151
84,194
84,203
84,222
84,225
84,237
84,245
84,258
84,265
84,273
84,274
84,276
84,282
84,284
84,286
84,289
84,291
84,294
84,300
84,317
84,318
84,322
84,385
84,405
84,408
84,411
84,466
84,477
84,486
84,523
84,528
84,529
84,543
84,546
84,591
84,597
84,628
84,685
84,742
84,744
84,748
84,756
84,815
84,823
84,866
84,879
84,1028
84,1033
84,1040
84,1047
85,8
85,9
85,10
85,13
85,14
85,23
85,25
85,27
85,28
85,30
85,42
85,45
85,50
85,51
85,52
85,53
85,56
85,57
85,58
85,64
85,65
85,69
85,70
85,71
85,79
85,82
85,83
85,86
85,87
85,89
85,94
85,95
85,97
85,98
85,99
85,100
85,108
85,121
85,124
85,127
85,132
85,133
85,134
85,135
85,136
85,141
85,143
85,150
85,152
85,153
85,154
85,157
85,160
85,161
85,162
85,163
85,168
85,170
85,172
85,173
85,174
85,175
85,179
85,180
85,181
85,182
85,186
85,187
85,188
85,190
85,191
85,192
85,193
85,194
85,195
85,196
85,197
85,199
85,203
85,204
85,205
85,208
85,209
85,210
85,211
85,212
85,213
85,215
85,216
85,221
85,222
85,228
85,229
85,230
85,231
85,232
85,234
85,237
85,238
85,241
85,246
85,250
85,258
85,259
85,268
85,269
85,270
85,272
85,275
85,277
85,281
85,282
85,283
85,284
85,286
85,289
85,291
85,298
85,300
85,301
85,310
85,313
85,316
85,317
85,318
85,319
85,325
85,327
85,328
85,333
85,340
85,345
85,357
85,372
85,378
85,380
85,382
85,385
85,389
85,393
85,404
85,405
85,412
85,414
85,416
85,417
85,418
85,419
85,420
85,423
85,425
85,427
85,428
85,432
85,433
85,435
85,443
85,447
85,449
85,451
85,458
85,462
85,464
85,465
85,474
85,476
85,478
85,479
85,480
85,481
85,482
85,483
85,485
85,488
85,492
85,495
85,496
85,498
85,499
85,501
85,502
85,504
85,506
85,507
85,508
85,509
85,510
85,511
85,512
85,513
85,514
85,515
85,516
85,517
85,519
85,520
85,521
85,523
85,526
85,527
85,528
85,529
85,530
85,531
85,566
85,568
85,582
85,588
85,589
85,596
85,604
85,606
85,610
85,622
85,629
85,630
85,631
85,632
85,639
85,641
85,642
85,647
85,654
85,655
85,657
85,658
85,659
85,660
85,661
85,663
85,664
85,690
85,692
85,697
85,702
85,705
85,707
85,708
85,709
85,710
85,712
85,715
85,732
85,735
85,745
85,751
85,782
85,792
85,813
85,822
85,842
85,845
85,855
85,921
85,923
85,924
85,955
85,971
85,984
85,1006
85,1009
85,1010
85,1018
85,1021
85,1039
85,1065
85,1070
85,1074
85,1075
85,1098
85,1101
85,1103
85,1113
85,1121
85,1131
85,1136
85,1137
85,1149
85,1153
85,1166
85,1167
85,1168
85,1169
85,1170
85,1171
85,1172
85,1173
85,1174
86,242
86,258
86,259
86,269
86,270
86,286
86,288
86,289
86,300
86,304
86,319
86,326
86,327
86,328
86,338
86,683
86,872
86,879
86,881
86,888
86,889
86,1175
86,1176
87,2
87,4
87,7
87,8
87,9
87,13
87,21
87,22
87,25
87,27
87,33
87,38
87,39
87,40
87,47
87,48
87,49
87,50
87,55
87,56
87,62
87,63
87,64
87,66
87,67
87,68
87,70
87,72
87,73
87,79
87,80
87,82
87,87
87,88
87,89
87,90
87,94
87,96
87,97
87,100
87,111
87,118
87,120
87,121
87,127
87,128
87,132
87,134
87,135
87,144
87,152
87,153
87,154
87,157
87,158
87,161
87,163
87,167
87,172
87,174
87,177
87,179
87,180
87,181
87,182
87,183
87,186
87,188
87,192
87,194
87,195
87,196
87,199
87,201
87,202
87,204
87,208
87,209
87,210
87,211
87,216
87,222
87,228
87,229
87,230
87,231
87,232
87,233
87,235
87,238
87,239
87,252
87,254
87,273
87,274
87,281
87,297
87,300
87,303
87,318
87,321
87,323
87,367
87,372
87,382
87,384
87,385
87,386
87,393
87,396
87,401
87,403
87,405
87,409
87,410
87,411
87,414
87,423
87,427
87,433
87,435
87,449
87,451
87,472
87,476
87,477
87,491
87,496
87,502
87,510
87,514
87,515
87,519
87,521
87,523
87,535
87,546
87,550
87,554
87,566
87,568
87,570
87,575
87,576
87,577
87,578
87,585
87,598
87,628
87,629
87,648
87,651
87,657
87,679
87,684
87,685
87,692
87,702
87,705
87,709
87,715
87,722
87,728
87,732
87,765
87,775
87,780
87,781
87,783
87,789
87,790
87,791
87,796
87,801
87,802
87,804
87,808
87,810
87,824
87,845
87,849
87,866
87,871
87,926
87,944
87,996
87,1000
87,1016
87,1028
87,1041
87,1047
87,1049
87,1072
87,1074
87,1079
87,1089
87,1118
87,1177
87,1178
87,1179
87,1180
87,1181
87,1182
87,1183
87,1184
87,1185
87,1186
87,1187
87,1188
87,1189
87,1190
88,261
88,286
88,300
88,301
88,302
88,308
88,311
88,313
88,315
88,319
88,321
88,326
88,354
88,690
88,750
88,880
88,881
88,886
88,898
88,904
88,1191
89,1
89,7
89,13
89,14
89,15
89,25
89,26
89,49
89,50
89,66
89,83
89,86
89,88
89,93
89,100
89,107
89,111
89,117
89,121
89,127
89,137
89,150
89,151
89,173
89,181
89,187
89,197
89,202
89,212
89,213
89,216
89,221
89,222
89,235
89,236
89,237
89,240
89,246
89,257
89,268
89,269
89,275
89,277
89,283
89,301
89,321
89,381
89,387
89,402
89,405
89,451
89,475
89,517
89,694
89,702
89,707
89,709
89,716
89,724
89,731
89,732
89,736
89,737
89,739
89,762
89,813
89,815
89,845
89,875
89,880
89,936
89,949
89,952
89,1048
89,1074
89,1119
90,6
90,8
90,9
90,10
90,11
90,12
90,14
90,17
90,18
90,19
90,20
90,22
90,23
90,25
90,26
90,30
90,31
90,33
90,42
90,45
90,52
90,56
90,57
90,59
90,60
90,64
90,65
90,69
90,70
90,79
90,83
90,86
90,89
90,96
90,97
90,98
90,100
90,117
90,126
90,127
90,131
90,132
90,133
90,134
90,135
90,136
90,137
90,141
90,143
90,148
90,149
90,150
90,151
90,153
90,154
90,155
90,156
90,162
90,166
90,170
90,171
90,174
90,175
90,177
90,178
90,179
90,180
90,182
90,185
90,187
90,190
90,191
90,192
90,193
90,194
90,196
90,197
90,198
90,199
90,202
90,203
90,208
90,209
90,211
90,212
90,213
90,215
90,216
90,218
90,220
90,221
90,223
90,234
90,237
90,241
90,242
90,245
90,258
90,259
90,268
90,269
90,270
90,272
90,273
90,275
90,276
90,285
90,286
90,287
90,289
90,300
90,301
90,302
90,303
90,306
90,307
90,310
90,311
90,312
90,313
90,316
90,317
90,318
90,322
90,323
90,328
90,340
90,347
90,354
90,356
90,357
90,367
90,382
90,385
90,387
90,402
90,421
90,423
90,425
90,427
90,430
90,433
90,435
90,443
90,447
90,454
90,462
90,464
90,471
90,474
90,475
90,478
90,479
90,480
90,481
90,482
90,483
90,485
90,486
90,488
90,489
90,490
90,491
90,493
90,494
90,496
90,497
90,498
90,499
90,500
90,501
90,505
90,506
90,507
90,509
90,511
90,512
90,514
90,515
90,516
90,517
90,518
90,519
90,521
90,523
90,526
90,527
90,528
90,529
90,530
90,531
90,543
90,547
90,553
90,568
90,602
90,603
90,604
90,606
90,607
90,609
90,610
90,611
90,613
90,614
90,617
90,618
90,631
90,632
90,639
90,644
90,647
90,648
90,650
90,651
90,652
90,654
90,656
90,657
90,659
90,660
90,661
90,662
90,676
90,684
90,690
90,692
90,693
90,699
90,703
90,705
90,707
90,708
90,709
90,713
90,721
90,730
90,732
90,739
90,750
90,753
90,762
90,811
90,813
90,821
90,836
90,837
90,847
90,855
90,863
90,875
90,879
90,889
90,896
90,900
90,903
90,904
90,905
90,906
90,923
90,942
90,945
90,954
90,958
90,962
90,964
90,965
90,966
90,971
90,972
90,990
90,995
90,1005
90,1020
90,1039
90,1045
90,1048
90,1086
90,1097
90,1101
90,1109
90,1125
90,1134
90,1136
90,1137
90,1192
90,1193
90,1194
90,1195
90,1196
90,1197
90,1198
90,1199
90,1200
90,1201
90,1202
90,1203
90,1204
90,1205
90,1206
91,22
91,28
91,31
91,50
91,56
91,64
91,69
91,79
91,82
91,97
91,98
91,99
91,127
91,131
91,132
91,134
91,135
91,136
91,143
91,161
91,172
91,174
91,176
91,181
91,182
91,183
91,187
91,192
91,193
91,195
91,204
91,205
91,210
91,211
91,230
91,234
91,264
91,265
91,289
91,294
91,300
91,313
91,318
91,322
91,323
91,326
91,327
91,328
91,331
91,333
91,338
91,343
91,351
91,357
91,389
91,418
91,423
91,427
91,429
91,435
91,474
91,479
91,480
91,482
91,483
91,484
91,495
91,498
91,501
91,504
91,507
91,510
91,511
91,515
91,520
91,526
91,527
91,529
91,568
91,601
91,603
91,612
91,614
91,616
91,618
91,651
91,657
91,662
91,682
91,683
91,689
91,735
91,748
91,750
91,988
91,1050
91,1126
91,1192
92,1
92,2
92,4
92,5
92,7
92,8
92,9
92,11
92,12
92,13
92,15
92,22
92,24
92,25
92,28
92,29
92,31
92,32
92,38
92,39
92,40
92,42
92,43
92,44
92,46
92,47
92,48
92,49
92,50
92,51
92,53
92,54
92,55
92,56
92,58
92,62
92,63
92,64
92,65
92,66
92,67
92,68
92,69
92,71
92,72
92,73
92,77
92,78
92,79
92,80
92,81
92,82
92,85
92,87
92,88
92,89
92,91
92,92
92,93
92,94
92,95
92,96
92,98
92,100
92,101
92,102
92,106
92,108
92,109
92,111
92,115
92,116
92,117
92,118
92,120
92,121
92,122
92,123
92,124
92,125
92,129
92,132
92,134
92,135
92,143
92,144
92,145
92,147
92,148
92,149
92,153
92,154
92,155
92,156
92,157
92,159
92,160
92,161
92,164
92,167
92,168
92,169
92,171
92,172
92,173
92,174
92,175
92,176
92,179
92,180
92,181
92,182
92,183
92,184
92,186
92,189
92,190
92,191
92,193
92,195
92,196
92,198
92,199
92,200
92,201
92,202
92,203
92,204
92,208
92,209
92,210
92,212
92,214
92,215
92,216
92,217
92,218
92,219
92,220
92,222
92,223
92,225
92,226
92,227
92,228
92,229
92,230
92,231
92,233
92,234
92,235
92,237
92,238
92,239
92,240
92,241
92,243
92,245
92,246
92,248
92,249
92,250
92,252
92,257
92,258
92,260
92,265
92,268
92,271
92,273
92,274
92,276
92,278
92,281
92,282
92,284
92,288
92,289
92,291
92,294
92,295
92,304
92,307
92,313
92,318
92,322
92,328
92,356
92,363
92,364
92,367
92,368
92,369
92,370
92,376
92,382
92,383
92,385
92,386
92,393
92,396
92,401
92,402
92,403
92,405
92,406
92,408
92,409
92,410
92,411
92,412
92,418
92,421
92,423
92,425
92,428
92,431
92,432
92,433
92,436
92,449
92,450
92,451
92,452
92,453
92,455
92,456
92,463
92,466
92,471
92,474
92,475
92,476
92,500
92,501
92,504
92,508
92,515
92,518
92,521
92,527
92,528
92,531
92,540
92,546
92,551
92,552
92,554
92,558
92,559
92,561
92,566
92,568
92,575
92,576
92,577
92,581
92,582
92,583
92,587
92,591
92,595
92,596
92,597
92,619
92,620
92,627
92,628
92,631
92,636
92,640
92,642
92,651
92,655
92,658
92,660
92,663
92,665
92,672
92,673
92,674
92,678
92,679
92,684
92,685
92,692
92,702
92,704
92,707
92,708
92,709
92,712
92,715
92,717
92,720
92,722
92,725
92,727
92,728
92,729
92,731
92,732
92,735
92,737
92,739
92,742
92,743
92,747
92,748
92,755
92,756
92,758
92,761
92,763
92,771
92,778
92,780
92,781
92,783
92,785
92,789
92,790
92,794
92,800
92,802
92,820
92,823
92,825
92,826
92,831
92,834
92,841
92,845
92,846
92,855
92,922
92,925
92,926
92,928
92,930
92,931
92,934
92,947
92,949
92,955
92,961
92,963
92,974
92,977
92,980
92,984
92,986
92,993
92,998
92,1011
92,1012
92,1014
92,1016
92,1018
92,1023
92,1028
92,1033
92,1037
92,1040
92,1041
92,1042
92,1046
92,1047
92,1049
92,1052
92,1073
92,1074
92,1079
92,1090
92,1095
92,1142
92,1157
92,1194
92,1207
92,1208
92,1209
92,1210
92,1211
92,1212
92,1213
92,1214
92,1215
92,1216
93,1
93,14
93,15
93,118
93,121
93,125
93,151
93,222
93,235
93,275
93,276
93,283
93,412
93,476
93,477
93,815
93,820
93,845
93,866
93,934
94,1
94,4
94,7
94,8
94,9
94,11
94,12
94,17
94,22
94,23
94,24
94,25
94,28
94,29
94,31
94,32
94,33
94,34
94,38
94,39
94,41
94,42
94,45
94,47
94,49
94,50
94,51
94,52
94,53
94,54
94,55
94,56
94,58
94,61
94,62
94,63
94,64
94,66
94,67
94,68
94,69
94,70
94,71
94,72
94,76
94,77
94,79
94,80
94,81
94,82
94,83
94,86
94,88
94,89
94,90
94,91
94,92
94,93
94,94
94,96
94,97
94,98
94,99
94,100
94,101
94,102
94,109
94,111
94,118
94,121
94,125
94,127
94,132
94,133
94,134
94,135
94,142
94,143
94,144
94,151
94,153
94,154
94,155
94,156
94,157
94,159
94,160
94,161
94,164
94,168
94,170
94,172
94,173
94,174
94,175
94,176
94,177
94,179
94,180
94,181
94,182
94,183
94,184
94,185
94,186
94,187
94,188
94,190
94,191
94,192
94,193
94,194
94,195
94,196
94,200
94,201
94,202
94,203
94,204
94,206
94,208
94,209
94,210
94,211
94,214
94,215
94,216
94,217
94,218
94,219
94,222
94,223
94,225
94,226
94,227
94,228
94,229
94,230
94,232
94,233
94,234
94,235
94,238
94,241
94,245
94,246
94,248
94,250
94,257
94,258
94,260
94,265
94,268
94,273
94,274
94,281
94,282
94,286
94,288
94,293
94,302
94,313
94,317
94,318
94,328
94,334
94,338
94,343
94,346
94,347
94,355
94,356
94,357
94,365
94,366
94,367
94,368
94,369
94,372
94,380
94,381
94,385
94,386
94,390
94,391
94,392
94,393
94,399
94,401
94,402
94,403
94,404
94,405
94,410
94,411
94,412
94,417
94,418
94,419
94,420
94,421
94,423
94,425
94,428
94,431
94,432
94,433
94,435
94,436
94,443
94,447
94,448
94,451
94,455
94,458
94,464
94,465
94,467
94,469
94,470
94,471
94,472
94,474
94,475
94,477
94,483
94,484
94,496
94,501
94,504
94,506
94,508
94,509
94,510
94,518
94,525
94,527
94,528
94,537
94,541
94,544
94,546
94,549
94,550
94,553
94,556
94,559
94,561
94,562
94,566
94,568
94,569
94,572
94,576
94,581
94,583
94,584
94,585
94,586
94,587
94,588
94,589
94,597
94,603
94,616
94,622
94,624
94,625
94,627
94,629
94,631
94,636
94,637
94,642
94,644
94,646
94,647
94,650
94,651
94,652
94,654
94,655
94,657
94,658
94,665
94,670
94,673
94,674
94,679
94,684
94,685
94,686
94,690
94,692
94,693
94,696
94,700
94,703
94,710
94,715
94,716
94,720
94,721
94,722
94,723
94,727
94,728
94,731
94,732
94,735
94,736
94,737
94,738
94,739
94,741
94,742
94,744
94,746
94,750
94,763
94,765
94,768
94,780
94,783
94,786
94,789
94,792
94,797
94,800
94,806
94,808
94,809
94,810
94,813
94,820
94,823
94,824
94,829
94,860
94,864
94,921
94,923
94,928
94,930
94,932
94,939
94,942
94,943
94,944
94,946
94,949
94,951
94,959
94,961
94,969
94,993
94,997
94,1004
94,1007
94,1009
94,1010
94,1011
94,1012
94,1014
94,1028
94,1032
94,1044
94,1045
94,1046
94,1048
94,1058
94,1065
94,1073
94,1074
94,1089
94,1091
94,1101
94,1110
94,1118
94,1119
94,1135
94,1140
94,1147
94,1153
94,1188
94,1199
94,1206
94,1209
94,1210
94,1211
94,1217
94,1218
94,1219
94,1220
94,1221
94,1222
94,1223
94,1224
94,1225
94,1226
95,1
95,2
95,3
95,7
95,8
95,14
95,15
95,22
95,24
95,25
95,26
95,28
95,31
95,32
95,33
95,43
95,48
95,49
95,50
95,51
95,52
95,58
95,62
95,63
95,64
95,65
95,67
95,68
95,69
95,70
95,71
95,72
95,73
95,77
95,78
95,79
95,82
95,83
95,88
95,89
95,90
95,91
95,94
95,95
95,96
95,97
95,98
95,99
95,101
95,102
95,110
95,111
95,117
95,121
95,127
95,128
95,132
95,133
95,135
95,137
95,139
95,140
95,141
95,142
95,143
95,144
95,151
95,153
95,161
95,168
95,170
95,172
95,173
95,174
95,175
95,176
95,177
95,178
95,179
95,180
95,181
95,182
95,183
95,185
95,186
95,188
95,190
95,191
95,193
95,194
95,195
95,196
95,197
95,198
95,199
95,200
95,202
95,203
95,204
95,205
95,207
95,208
95,209
95,210
95,211
95,215
95,216
95,219
95,226
95,227
95,228
95,229
95,232
95,233
95,234
95,237
95,238
95,239
95,241
95,250
95,257
95,265
95,274
95,275
95,282
95,286
95,289
95,290
95,294
95,328
95,356
95,357
95,366
95,371
95,378
95,381
95,385
95,386
95,389
95,391
95,392
95,393
95,395
95,398
95,399
95,402
95,403
95,404
95,405
95,415
95,416
95,417
95,419
95,420
95,422
95,423
95,431
95,432
95,433
95,436
95,443
95,445
95,447
95,448
95,449
95,450
95,451
95,462
95,463
95,465
95,471
95,472
95,473
95,474
95,483
95,485
95,491
95,495
95,496
95,498
95,505
95,506
95,507
95,509
95,510
95,511
95,514
95,515
95,518
95,520
95,523
95,527
95,532
95,539
95,542
95,546
95,550
95,552
95,554
95,560
95,566
95,568
95,573
95,586
95,588
95,591
95,596
95,597
95,622
95,623
95,625
95,627
95,631
95,636
95,640
95,648
95,649
95,650
95,651
95,655
95,657
95,660
95,665
95,671
95,674
95,675
95,679
95,683
95,692
95,699
95,705
95,707
95,708
95,712
95,715
95,716
95,720
95,728
95,736
95,737
95,739
95,742
95,747
95,768
95,779
95,781
95,787
95,791
95,815
95,843
95,855
95,862
95,878
95,892
95,946
95,960
95,968
95,971
95,976
95,1018
95,1047
95,1090
95,1091
95,1101
95,1116
95,1126
95,1133
95,1188
95,1206
95,1217
95,1219
95,1221
95,1222
95,1227
95,1228
95,1229
95,1230
95,1231
96,1
96,7
96,8
96,23
96,42
96,50
96,56
96,64
96,79
96,83
96,87
96,89
96,91
96,96
96,98
96,100
96,127
96,144
96,153
96,156
96,170
96,173
96,174
96,176
96,181
96,182
96,183
96,185
96,187
96,190
96,194
96,195
96,196
96,198
96,200
96,216
96,234
96,238
96,265
96,318
96,423
96,435
96,445
96,474
96,478
96,479
96,483
96,484
96,486
96,514
96,519
96,525
96,645
96,673
96,1154
96,1232
97,1
97,7
97,23
97,28
97,32
97,50
97,69
97,79
97,82
97,83
97,89
97,96
97,97
97,98
97,100
97,115
97,132
97,133
97,135
97,153
97,168
97,169
97,172
97,173
97,174
97,175
97,183
97,186
97,189
97,191
97,192
97,193
97,194
97,195
97,197
97,202
97,204
97,205
97,208
97,222
97,228
97,357
97,408
97,423
97,428
97,429
97,430
97,431
97,432
97,434
97,435
97,466
97,482
97,484
97,496
97,526
97,603
97,655
97,661
97,663
97,670
97,919
97,1126
98,25
98,47
98,70
98,88
98,116
98,152
98,163
98,168
98,173
98,194
98,209
98,210
98,211
98,321
98,322
98,428
98,435
98,502
98,514
98,517
98,523
98,629
98,655
98,659
98,745
98,938
98,988
99,1
99,3
99,4
99,7
99,11
99,12
99,22
99,25
99,28
99,50
99,56
99,64
99,66
99,69
99,79
99,92
99,98
99,100
99,105
99,107
99,111
99,116
99,117
99,118
99,120
99,121
99,123
99,124
99,125
99,147
99,168
99,172
99,173
99,174
99,181
99,182
99,196
99,201
99,203
99,204
99,210
99,232
99,237
99,238
99,240
99,245
99,246
99,255
99,258
99,265
99,268
99,273
99,274
99,275
99,276
99,282
99,288
99,290
99,294
99,300
99,310
99,312
99,313
99,315
99,322
99,326
99,328
99,329
99,331
99,332
99,338
99,342
99,345
99,346
99,348
99,354
99,358
99,363
99,367
99,369
99,402
99,403
99,405
99,406
99,409
99,410
99,413
99,421
99,433
99,456
99,471
99,472
99,473
99,475
99,508
99,544
99,546
99,591
99,595
99,597
99,619
99,628
99,651
99,676
99,678
99,682
99,685
99,694
99,741
99,742
99,748
99,751
99,762
99,763
99,780
99,789
99,815
99,827
99,829
99,845
99,871
99,873
99,895
99,926
99,931
99,963
99,975
99,978
99,1016
99,1047
99,1048
99,1052
99,1067
99,1079
99,1119
99,1132
100,258
100,266
100,268
100,269
100,270
100,271
100,272
100,286
100,288
100,289
100,292
100,294
100,300
100,302
100,310
100,313
100,315
100,316
100,321
100,323
100,326
100,328
100,333
100,340
100,342
100,344
100,346
100,347
100,348
100,349
100,354
100,355
100,678
100,689
100,690
100,691
100,750
100,751
100,752
100,874
100,879
100,880
100,881
100,885
100,886
100,887
100,892
100,895
100,898
100,900
100,905
100,908
100,990
100,1233
100,1234
100,1235
100,1236
100,1237
100,1238